date,value,acc_value,up&down,10,20,30,60,operate
2020-09-23,0.985,0.985,0.42,,,,,
2020-09-24,0.9617,0.9617,-2.37,,,,,
2020-09-25,0.9591,0.9591,-0.27,,,,,
2020-09-28,0.9498,0.9498,-0.97,,,,,
2020-09-29,0.9635,0.9635,1.44,,,,,
2020-09-30,0.9604,0.9604,-0.32,,,,,
2020-10-09,0.9873,0.9873,2.8,,,,,
2020-10-12,1.0196,1.0196,3.27,,,,,
2020-10-13,1.0252,1.0252,0.55,,,,,
2020-10-14,1.0097,1.0097,-1.51,0.9821300000000001,,,,
2020-10-15,1.0066,1.0066,-0.31,0.98429,,,,
2020-10-16,0.9961,0.9961,-1.04,0.98773,,,,
2020-10-19,0.9934,0.9934,-0.27,0.99116,,,,
2020-10-20,1.0046,1.0046,1.13,0.99664,,,,
2020-10-21,0.984,0.984,-2.05,0.9986899999999999,,,,
2020-10-22,0.9802,0.9802,-0.39,1.00067,,,,
2020-10-23,0.9693,0.9693,-1.11,0.9988699999999999,,,,
2020-10-26,0.9777,0.9777,0.87,0.99468,,,,
2020-10-27,0.9824,0.9824,0.48,0.9904,,,,
2020-10-28,0.9844,0.9844,0.2,0.98787,0.985,,,
2020-10-29,0.9804,0.9804,-0.41,0.9852500000000001,0.9847699999999999,,,
2020-10-30,0.9688,0.9688,-1.18,0.9825200000000001,0.985125,,,
2020-11-02,0.9712,0.9712,0.25,0.9803000000000001,0.98573,,,
2020-11-03,0.9902,0.9902,1.96,0.9788600000000001,0.9877499999999999,,,
2020-11-04,0.9881,0.9881,-0.21,0.97927,0.9889800000000001,,,
2020-11-05,1.0094,1.0094,2.16,0.9821900000000001,0.99143,,,
2020-11-06,1.0125,1.0125,0.31,0.98651,0.99269,,,
2020-11-09,1.0438,1.0438,3.09,0.99312,0.9939,,,
2020-11-10,1.0243,1.0243,-1.87,0.9973099999999999,0.9938550000000002,,,
2020-11-11,0.993,0.993,-3.06,0.99817,0.9930199999999999,0.98939,,
2020-11-12,0.9972,0.9972,0.42,0.99985,0.9925499999999999,0.9897966666666667,,
2020-11-13,0.9954,0.9954,-0.18,1.00251,0.992515,0.9909199999999999,,
2020-11-16,0.9935,0.9935,-0.19,1.00474,0.9925200000000001,0.9920666666666667,,
2020-11-17,0.9863,0.9863,-0.72,1.00435,0.9916050000000001,0.9932833333333334,,
2020-11-18,0.98,0.98,-0.64,1.00354,0.991405,0.9938333333333333,,
2020-11-19,0.992,0.992,1.22,1.0017999999999998,0.991995,0.9948866666666667,,
2020-11-20,0.9927,0.9927,0.07,0.99982,0.9931650000000001,0.9950666666666667,,
2020-11-23,0.987,0.987,-0.57,0.99414,0.9936299999999999,0.99398,,
2020-11-24,0.9854,0.9854,-0.16,0.9902500000000002,0.9937800000000001,0.9926533333333334,,
2020-11-25,0.9706,0.9706,-1.5,0.98801,0.9930900000000001,0.99135,,
2020-11-26,0.9646,0.9646,-0.62,0.98475,0.9923,0.98995,,
2020-11-27,0.9666,0.9666,0.21,0.98187,0.9921899999999999,0.9889666666666665,,
2020-11-30,0.9686,0.9686,0.21,0.9793800000000001,0.99206,0.98814,,
2020-12-01,0.9812,0.9812,1.3,0.97887,0.99161,0.98736,,
2020-12-02,0.9857,0.9857,0.46,0.97944,0.99149,0.9874166666666666,,
2020-12-03,0.9897,0.9897,0.41,0.9792100000000001,0.990505,0.9877333333333332,,
2020-12-04,0.9924,0.9924,0.27,0.97918,0.9894999999999999,0.9885033333333334,,
2020-12-07,0.9876,0.9876,-0.48,0.9792399999999999,0.98669,0.9888333333333333,,
2020-12-08,0.9843,0.9843,-0.33,0.97913,0.98469,0.9888966666666668,,
2020-12-09,0.967,0.967,-1.76,0.9787699999999999,0.98339,0.9883166666666666,,
2020-12-10,0.9664,0.9664,-0.06,0.9789499999999999,0.98185,0.98785,,
2020-12-11,0.9509,0.9509,-1.6,0.9773799999999999,0.9796250000000001,0.9872533333333333,,
2020-12-14,0.9565,0.9565,0.59,0.97617,0.977775,0.9867633333333333,,
2020-12-15,0.9605,0.9605,0.42,0.9741,0.976485,0.9857733333333335,,
2020-12-16,0.9499,0.9499,-1.1,0.9705199999999999,0.9749800000000001,0.9845,,
2020-12-17,0.9498,0.9498,-0.01,0.9665299999999999,0.97287,0.9825133333333333,,
2020-12-18,0.9448,0.9448,-0.53,0.9617699999999999,0.9704750000000001,0.9802566666666667,,
2020-12-21,0.9557,0.9557,1.15,0.9585800000000001,0.9689099999999999,0.97732,,
2020-12-22,0.9284,0.9284,-2.86,0.95299,0.9660599999999999,0.9741233333333332,,
2020-12-23,0.9333,0.9333,0.53,0.94962,0.9641950000000001,0.9721333333333334,0.9807616666666666,
2020-12-24,0.9172,0.9172,-1.73,0.9447000000000001,0.9618249999999999,0.9694666666666667,0.9796316666666667,
2020-12-25,0.9138,0.9138,-0.37,0.94099,0.9591850000000001,0.9667466666666668,0.9788333333333333,
2020-12-28,0.903,0.903,-1.18,0.9356399999999999,0.9559049999999999,0.96373,0.9778983333333334,
2020-12-29,0.9214,0.9214,2.04,0.93173,0.9529150000000002,0.9615666666666667,0.977425,
2020-12-30,0.9287,0.9287,0.79,0.92961,0.950065,0.9598566666666667,0.9768450000000001,
2020-12-31,0.947,0.947,1.97,0.92933,0.94793,0.9583566666666666,0.9766216666666667,
2021-01-04,0.9634,0.9634,1.73,0.93119,0.94648,0.95738,0.9762233333333333,
2021-01-05,0.9812,0.9812,1.85,0.9337399999999999,0.9461600000000001,0.9571866666666667,0.9755833333333332,
2021-01-06,0.9683,0.9683,-1.31,0.93773,0.94536,0.9566166666666667,0.9746349999999999,
2021-01-07,0.9512,0.9512,-1.77,0.9395200000000001,0.94457,0.95597,0.97366,
2021-01-08,0.973,0.973,2.29,0.9451,0.9449,0.95625,0.9731000000000001,
2021-01-11,0.9871,0.9871,1.45,0.95243,0.94671,0.9569333333333334,0.9729500000000001,
2021-01-12,0.9957,0.9957,0.87,0.9617000000000001,0.9486700000000001,0.9578366666666667,0.9729883333333333,
2021-01-13,0.9957,0.9957,0.0,0.96913,0.9504299999999999,0.9583200000000001,0.9728399999999999,
2021-01-14,1.0055,1.0055,0.98,0.9768100000000001,0.95321,0.95898,0.9731983333333333,
2021-01-15,0.9925,0.9925,-1.29,0.9813600000000001,0.955345,0.9590733333333333,0.9734033333333333,
2021-01-18,1.0115,1.0115,1.91,0.9861700000000001,0.95868,0.95971,0.9741066666666668,
2021-01-19,1.0067,1.0067,-0.47,0.98872,0.9612300000000001,0.9603466666666667,0.97459,
2021-01-20,1.0086,1.0086,0.19,0.99275,0.96524,0.9611566666666665,0.9750266666666666,
2021-01-21,1.0258,1.0258,1.71,1.00021,0.9698649999999999,0.9631166666666666,0.9757166666666667,
2021-01-22,1.0166,1.0166,-0.9,1.0045699999999997,0.974835,0.96479,0.97632,
2021-01-25,1.0082,1.0082,-0.83,1.0066799999999998,0.9795550000000001,0.9667,0.9769766666666667,
2021-01-26,0.9911,0.9911,-1.7,1.00622,0.9839600000000001,0.9678533333333335,0.9773083333333333,
2021-01-27,0.9972,0.9972,0.62,1.00637,0.9877499999999999,0.9690766666666666,0.977425,
2021-01-28,0.9598,0.9598,-3.75,1.0017999999999998,0.9893049999999999,0.9694066666666666,0.9769533333333332,
2021-01-29,0.9419,0.9419,-1.86,0.99674,0.98905,0.9691433333333332,0.9758283333333334,
2021-02-01,0.9507,0.9507,0.93,0.9906599999999999,0.988415,0.9693400000000001,0.9747983333333333,
2021-02-02,0.9638,0.9638,1.38,0.98637,0.9875449999999999,0.96961,0.9734649999999999,
2021-02-03,0.9342,0.9342,-3.07,0.9789299999999999,0.9858399999999999,0.9698033333333334,0.9719633333333334,
2021-02-04,0.9228,0.9228,-1.22,0.9686299999999999,0.9844199999999999,0.9694533333333333,0.9707933333333333,
2021-02-05,0.8989,0.8989,-2.59,0.95686,0.980715,0.9688433333333334,0.9691550000000001,
2021-02-08,0.9117,0.9117,1.42,0.9472099999999999,0.976945,0.9687733333333333,0.96776,
2021-02-09,0.9339,0.9339,2.44,0.9414900000000002,0.973855,0.9698033333333334,0.9667666666666667,
2021-02-10,0.9532,0.9532,2.07,0.9370899999999999,0.97173,0.9708633333333333,0.966215,
2021-02-18,0.9628,0.9628,1.01,0.93739,0.969595,0.972,0.9659283333333334,
2021-02-19,0.972,0.972,0.96,0.9404,0.9685699999999999,0.9728333333333333,0.965595,
2021-02-22,0.9542,0.9542,-1.83,0.9407500000000001,0.965705,0.9725266666666667,0.9649533333333333,
2021-02-23,0.9544,0.9544,0.02,0.9398099999999999,0.9630899999999999,0.9716333333333332,0.9644099999999999,
2021-02-24,0.9435,0.9435,-1.14,0.9407400000000001,0.959835,0.9708066666666666,0.9637116666666666,
2021-02-25,0.9305,0.9305,-1.38,0.9415100000000001,0.9550700000000001,0.9701166666666666,0.9630433333333334,
2021-02-26,0.9222,0.9222,-0.89,0.9438400000000001,0.95035,0.9684233333333334,0.9623366666666666,
2021-03-01,0.9454,0.9454,2.52,0.9472100000000001,0.9472099999999999,0.9670333333333333,0.9619833333333332,
2021-03-02,0.943,0.943,-0.25,0.94812,0.944805,0.9652766666666667,0.9615566666666667,
2021-03-03,0.9486,0.9486,0.59,0.9476600000000002,0.942375,0.9637066666666667,0.9610133333333334,
2021-03-04,0.9249,0.9249,-2.5,0.9438699999999999,0.9406300000000002,0.96102,0.9600000000000001,
2021-03-05,0.9322,0.9322,0.79,0.9398899999999999,0.940145,0.9590099999999999,0.9590416666666667,
2021-03-08,0.9102,0.9102,-2.36,0.9354899999999999,0.93812,0.9556333333333333,0.9576716666666666,
2021-03-09,0.8846,0.8846,-2.81,0.92851,0.93416,0.9515633333333333,0.9559549999999999,
2021-03-10,0.8702,0.8702,-1.63,0.92118,0.93096,0.94695,0.9540533333333333,
2021-03-11,0.8869,0.8869,1.92,0.9168199999999999,0.929165,0.94232,0.9527183333333333,
2021-03-12,0.8739,0.8739,-1.47,0.91199,0.9279149999999999,0.9375633333333333,0.9511766666666667,
2021-03-15,0.8543,0.8543,-2.24,0.90288,0.9250450000000001,0.9324333333333333,0.9495666666666668,
2021-03-16,0.8574,0.8574,0.36,0.8943200000000001,0.9212199999999999,0.9279766666666666,0.947915,
2021-03-17,0.8622,0.8622,0.56,0.88568,0.9166700000000001,0.9234766666666666,0.9462766666666667,
2021-03-18,0.8616,0.8616,-0.07,0.87935,0.9116099999999999,0.9202033333333334,0.9448050000000001,
2021-03-19,0.8532,0.8532,-0.97,0.8714500000000001,0.9056700000000001,0.9172466666666668,0.9431949999999999,
2021-03-22,0.87,0.87,1.97,0.86743,0.9014600000000002,0.9145566666666667,0.9419483333333333,
2021-03-23,0.87,0.87,0.0,0.8659700000000001,0.89724,0.91143,0.9405199999999999,
2021-03-24,0.8623,0.8623,-0.89,0.86518,0.8931800000000001,0.9090333333333334,0.9394183333333334,
2021-03-25,0.8701,0.8701,0.9,0.8634999999999999,0.8901600000000001,0.9072766666666667,0.9383649999999999,
2021-03-26,0.8877,0.8877,2.02,0.86488,0.888435,0.9069033333333334,0.9378733333333333,
2021-03-29,0.8825,0.8825,-0.59,0.8676999999999999,0.88529,0.90593,0.9373516666666667,
2021-03-30,0.8819,0.8819,-0.07,0.87015,0.8822349999999999,0.9041966666666666,0.9369999999999999,
2021-03-31,0.8853,0.8853,0.39,0.8724599999999999,0.8790699999999999,0.9019333333333334,0.9363983333333333,
2021-04-01,0.894,0.894,0.98,0.8756999999999999,0.877525,0.89964,0.93582,
2021-04-02,0.9015,0.9015,0.84,0.88053,0.87599,0.89729,0.9350616666666666,
2021-04-06,0.9079,0.9079,0.71,0.88432,0.8758750000000001,0.8957466666666668,0.9341366666666666,
2021-04-07,0.9035,0.9035,-0.48,0.88767,0.8768199999999998,0.89405,0.9328416666666667,
2021-04-08,0.9019,0.9019,-0.18,0.8916299999999999,0.8784050000000001,0.8926633333333334,0.931735,
2021-04-09,0.8933,0.8933,-0.95,0.8939499999999999,0.878725,0.8914233333333333,0.9307700000000001,
2021-04-12,0.8737,0.8737,-2.19,0.89255,0.878715,0.8898066666666666,0.9291149999999999,
2021-04-13,0.8797,0.8797,0.69,0.8922700000000001,0.8799849999999999,0.8876166666666666,0.927325,
2021-04-14,0.8916,0.8916,1.35,0.8932400000000001,0.881695,0.8859033333333333,0.92559,
2021-04-15,0.8902,0.8902,-0.16,0.89373,0.883095,0.8839566666666666,0.9238316666666667,
2021-04-16,0.8984,0.8984,0.92,0.8941699999999999,0.8849349999999999,0.8830733333333333,0.9220466666666667,
2021-04-19,0.9326,0.9326,3.81,0.89728,0.888905,0.8830866666666667,0.9210483333333334,
2021-04-20,0.9284,0.9284,-0.45,0.89933,0.8918249999999999,0.8836933333333333,0.9196633333333334,
2021-04-21,0.9246,0.9246,-0.41,0.90144,0.8945550000000001,0.8850266666666666,0.9182950000000001,
2021-04-22,0.9293,0.9293,0.51,0.90418,0.897905,0.8869966666666667,0.9169733333333333,
2021-04-23,0.9195,0.9195,-1.05,0.9067999999999999,0.900375,0.8880833333333334,0.9152016666666666,
2021-04-26,0.9141,0.9141,-0.59,0.91084,0.9016949999999999,0.8894233333333333,0.9134933333333334,
2021-04-27,0.9027,0.9027,-1.25,0.91314,0.9027049999999999,0.8910366666666666,0.911735,
2021-04-28,0.9042,0.9042,0.17,0.9144,0.9038200000000002,0.8925966666666667,0.9102866666666667,
2021-04-29,0.904,0.904,-0.02,0.91578,0.9047550000000001,0.8939900000000001,0.9087333333333334,
2021-04-30,0.8868,0.8868,-1.9,0.91462,0.9043949999999998,0.89483,0.9075166666666666,
2021-05-06,0.8801,0.8801,-0.76,0.90937,0.903325,0.8957266666666667,0.9064866666666666,
2021-05-07,0.862,0.862,-2.06,0.90273,0.9010299999999999,0.8954599999999999,0.9050083333333333,
2021-05-10,0.8585,0.8585,-0.41,0.89612,0.89878,0.8950766666666666,0.9032533333333334,
2021-05-11,0.8696,0.8696,1.29,0.89015,0.897165,0.89532,0.9021766666666665,
2021-05-12,0.8776,0.8776,0.92,0.8859600000000001,0.8963800000000001,0.89557,0.9014233333333334,
2021-05-13,0.8717,0.8717,-0.67,0.88172,0.89628,0.8950366666666666,0.9009699999999999,
2021-05-14,0.883,0.883,1.3,0.8797499999999999,0.8964450000000002,0.8950533333333334,0.9004916666666667,
2021-05-17,0.8919,0.8919,1.01,0.87852,0.89646,0.8953866666666668,0.8997916666666667,
2021-05-18,0.8938,0.8938,0.21,0.8775000000000001,0.89664,0.8956700000000001,0.8988016666666667,
2021-05-19,0.8944,0.8944,0.07,0.87826,0.8964400000000001,0.8956833333333333,0.8976616666666667,
2021-05-20,0.8969,0.8969,0.28,0.87994,0.894655,0.89553,0.89641,
2021-05-21,0.8915,0.8915,-0.6,0.88289,0.8928100000000001,0.8949833333333334,0.895365,
2021-05-24,0.916,0.916,2.75,0.88864,0.89238,0.8954000000000001,0.894725,
2021-05-25,0.9363,0.9363,2.22,0.89531,0.89273,0.8965466666666667,0.8946050000000001,
2021-05-26,0.929,0.929,-0.78,0.90045,0.893205,0.8977366666666667,0.8945799999999999,
2021-05-27,0.9426,0.9426,1.46,0.90754,0.89463,0.9000333333333334,0.89492,
2021-05-28,0.9425,0.9425,-0.01,0.91349,0.8966200000000001,0.9021266666666666,0.8948716666666667,
2021-05-31,0.9546,0.9546,1.28,0.9197599999999999,0.8991399999999998,0.9042266666666666,0.895065,
2021-06-01,0.9573,0.9573,0.28,0.9261099999999999,0.9018049999999999,0.9064633333333333,0.8952100000000001,
2021-06-02,0.9371,0.9371,-2.11,0.9303800000000001,0.90432,0.9077533333333334,0.8954133333333334,
2021-06-03,0.9306,0.9306,-0.69,0.9337500000000001,0.906845,0.9076866666666668,0.8953866666666667,
2021-06-04,0.9353,0.9353,0.51,0.9381300000000001,0.91051,0.9079166666666667,0.895805,
2021-06-07,0.9512,0.9512,1.7,0.9416500000000001,0.9151450000000001,0.9088033333333333,0.896915,
2021-06-08,0.9508,0.9508,-0.04,0.9430999999999999,0.919205,0.9095200000000001,0.8982583333333333,
2021-06-09,0.9521,0.9521,0.14,0.9454099999999999,0.9229299999999998,0.9106066666666666,0.8993450000000001,
2021-06-10,0.9817,0.9817,3.11,0.9493199999999999,0.92843,0.91286,0.9011416666666666,
2021-06-11,0.9726,0.9726,-0.93,0.9523299999999999,0.9329099999999999,0.9151900000000001,0.9031133333333333,
2021-06-15,0.968,0.968,-0.47,0.95367,0.9367149999999999,0.9173166666666666,0.9049566666666667,
2021-06-16,0.9516,0.9516,-1.69,0.9531000000000001,0.939605,0.9189033333333333,0.9064466666666667,
2021-06-17,0.9807,0.9807,3.06,0.95746,0.94392,0.9220333333333334,0.9084316666666666,
2021-06-18,0.9813,0.9813,0.06,0.9625299999999999,0.9481400000000001,0.9254066666666667,0.9105666666666666,
2021-06-21,0.9906,0.9906,0.95,0.96806,0.953095,0.9296933333333334,0.9125766666666666,
2021-06-22,0.9891,0.9891,-0.15,0.9718499999999999,0.9567499999999999,0.9340466666666667,0.9145616666666666,
2021-06-23,0.9976,0.9976,0.86,0.97653,0.9598150000000001,0.9383133333333333,0.9168166666666667,
2021-06-24,0.9807,0.9807,-1.69,0.9793900000000001,0.9623999999999999,0.94175,0.9186600000000001,
2021-06-25,0.9791,0.9791,-0.16,0.9791300000000002,0.9642250000000001,0.9453300000000001,0.9201833333333334,
2021-06-28,0.9883,0.9883,0.94,0.9807,0.966515,0.94884,0.9219466666666667,
2021-06-29,0.9819,0.9819,-0.65,0.98209,0.9678800000000001,0.95184,0.9236133333333333,
2021-06-30,1.0067,1.0067,2.53,0.9875999999999999,0.97035,0.9556033333333332,0.9256366666666666,
2021-07-01,0.9923,0.9923,-1.43,0.9887599999999999,0.9731099999999999,0.9588666666666666,0.927275,
2021-07-02,0.9726,0.9726,-1.99,0.9878899999999999,0.9752099999999999,0.96139,0.92846,
2021-07-05,0.9904,0.9904,1.83,0.98787,0.977965,0.9646866666666667,0.9298350000000001,
2021-07-06,0.9872,0.9872,-0.32,0.9876800000000001,0.9797650000000001,0.96706,0.93123,
2021-07-07,0.9925,0.9925,0.54,0.9871700000000001,0.98185,0.9689333333333334,0.9327400000000001,
2021-07-08,1.0057,1.0057,1.33,0.9896699999999999,0.9845300000000001,0.97149,0.9346133333333333,
2021-07-09,0.9924,0.9924,-1.32,0.991,0.9850650000000002,0.97315,0.9365916666666667,
2021-07-12,1.0271,1.0271,3.5,0.99488,0.9877900000000001,0.97597,0.9390483333333334,
2021-07-13,1.0333,1.0333,0.6,1.0000200000000001,0.991055,0.9785933333333333,0.94141,
2021-07-14,1.0156,1.0156,-1.71,1.00091,0.9942549999999999,0.9805366666666667,0.9435,
2021-07-15,1.021,1.021,0.53,1.0037800000000001,0.99627,0.9833333333333333,0.9455433333333334,
2021-07-16,1.0113,1.0113,-0.95,1.0076500000000002,0.99777,0.9860233333333334,0.946855,
2021-07-19,1.0204,1.0204,0.9,1.0106499999999998,0.9992599999999999,0.9888600000000001,0.9483883333333333,
2021-07-20,1.0207,1.0207,0.03,1.014,1.0008400000000002,0.9911766666666667,0.94999,
2021-07-21,1.0446,1.0446,2.34,1.01921,1.00319,0.9943033333333333,0.9519116666666666,
2021-07-22,1.0475,1.0475,0.28,1.0233899999999998,1.0065300000000001,0.9974833333333334,0.954045,
2021-07-23,1.0322,1.0322,-1.46,1.02737,1.009185,0.9991666666666668,0.9560133333333333,
2021-07-26,1.0169,1.0169,-1.48,1.02635,1.010615,1.0006433333333333,0.9579166666666666,
2021-07-27,1.0085,1.0085,-0.83,1.02387,1.011945,1.0019933333333335,0.9596549999999999,
2021-07-28,0.9914,0.9914,-1.7,1.0214500000000002,1.01118,1.00332,0.9611116666666668,
2021-07-29,1.0213,1.0213,3.02,1.02148,1.0126300000000001,1.0046733333333333,0.9633533333333334,
2021-07-30,1.0148,1.0148,-0.64,1.02183,1.0147400000000002,1.00579,0.9655983333333334,
2021-08-02,1.0307,1.0307,1.57,1.02286,1.016755,1.0071266666666667,0.96841,
2021-08-03,1.0248,1.0248,-0.57,1.02327,1.018635,1.0083166666666667,0.9711816666666667,
2021-08-04,1.0402,1.0402,1.5,1.02283,1.0210199999999998,1.0097366666666665,0.974025,
2021-08-05,1.0246,1.0246,-1.5,1.02054,1.021965,1.0112,0.9764750000000001,
2021-08-06,1.0203,1.0203,-0.42,1.0193499999999998,1.0233599999999998,1.0125733333333333,0.9789516666666667,
2021-08-09,1.0312,1.0312,1.07,1.0207799999999998,1.023565,1.0140033333333334,0.9814216666666666,
2021-08-10,1.0379,1.0379,0.65,1.02372,1.023795,1.01587,0.983855,
2021-08-11,1.0288,1.0288,-0.88,1.02746,1.0244550000000001,1.0166066666666667,0.986105,
2021-08-12,1.0277,1.0277,-0.11,1.0280999999999998,1.0247899999999999,1.0177866666666666,0.9883266666666667,
2021-08-13,1.0025,1.0025,-2.45,1.02687,1.0243499999999999,1.0187833333333334,0.9900866666666666,
2021-08-16,1.003,1.003,0.05,1.0241,1.02348,1.0192033333333332,0.991945,
2021-08-17,0.9761,0.9761,-2.68,1.0192299999999999,1.02125,1.0188333333333333,0.9929466666666666,
2021-08-18,0.9768,0.9768,0.07,1.01289,1.01786,1.01831,0.9936216666666665,
2021-08-19,0.9801,0.9801,0.34,1.0084399999999998,1.01449,1.0174566666666667,0.9944733333333333,
2021-08-20,0.9829,0.9829,0.29,1.0047000000000001,1.012025,1.0171400000000002,0.9951450000000001,
2021-08-23,1.0098,1.0098,2.74,1.0025600000000001,1.01167,1.0165633333333333,0.9962666666666667,
2021-08-24,1.0062,1.0062,-0.36,0.99939,1.011555,1.01566,0.9971266666666667,
2021-08-25,0.9999,0.9999,-0.63,0.9964999999999999,1.0119799999999999,1.0151366666666666,0.9978366666666666,
2021-08-26,0.9783,0.9783,-2.16,0.99156,1.00983,1.0137133333333332,0.9985233333333332,
2021-08-27,0.9817,0.9817,0.35,0.98948,1.008175,1.0127266666666666,0.999375,
2021-08-30,0.9796,0.9796,-0.21,0.9871399999999999,1.00562,1.0113666666666665,1.0001133333333334,
2021-08-31,0.9552,0.9552,-2.49,0.98505,1.00214,1.0091833333333333,1.00018,
2021-09-01,0.961,0.961,0.61,0.98347,0.99818,1.0063966666666666,1.00035,
2021-09-02,0.9439,0.9439,-1.78,0.9798500000000001,0.994145,1.0029433333333333,1.0002133333333334,
2021-09-03,0.9429,0.9429,-0.11,0.97585,0.9902749999999999,0.9999666666666667,0.9995666666666667,
2021-09-06,0.9595,0.9595,1.76,0.97082,0.9866900000000001,0.9980533333333333,0.9993483333333334,
2021-09-07,0.9634,0.9634,0.41,0.96654,0.9829650000000001,0.9965499999999999,0.9992716666666667,
2021-09-08,0.9619,0.9619,-0.16,0.9627399999999999,0.97962,0.9955666666666667,0.9994433333333334,
2021-09-09,0.9558,0.9558,-0.63,0.9604900000000001,0.9760250000000001,0.9933833333333334,0.9990283333333333,
2021-09-10,0.9632,0.9632,0.77,0.9586399999999999,0.9740599999999999,0.9916633333333332,0.9987266666666667,
2021-09-13,0.9504,0.9504,-1.33,0.95572,0.97143,0.9889866666666667,0.9980566666666667,
2021-09-14,0.9495,0.9495,-0.09,0.9551499999999999,0.9701000000000001,0.9864766666666667,0.9973966666666667,
2021-09-15,0.941,0.941,-0.9,0.9531500000000002,0.96831,0.98317,0.9964533333333334,
2021-09-16,0.9259,0.9259,-1.6,0.9513499999999999,0.9655999999999999,0.9798799999999999,0.99554,
2021-09-17,0.928,0.928,0.23,0.9498599999999999,0.9628549999999999,0.9768033333333332,0.9946883333333333,
2021-09-22,0.9257,0.9257,-0.25,0.94648,0.9586500000000001,0.9732866666666666,0.993645,
2021-09-23,0.9376,0.9376,1.29,0.9439,0.9552200000000001,0.9699433333333334,0.9929066666666667,
2021-09-24,0.9377,0.9377,0.01,0.94148,0.95211,0.9669066666666667,0.9917566666666667,
2021-09-27,0.9335,0.9335,-0.45,0.93925,0.94987,0.9637666666666667,0.9907766666666667,
2021-09-28,0.9293,0.9293,-0.45,0.9358600000000001,0.94725,0.9613266666666667,0.990055,
2021-09-29,0.9106,0.9106,-2.01,0.9318800000000002,0.9438000000000001,0.9582466666666666,0.9887250000000001,
2021-09-30,0.9229,0.9229,1.35,0.9292199999999999,0.9421849999999999,0.9564733333333333,0.9876533333333334,
2021-10-08,0.936,0.936,1.42,0.9287199999999999,0.940935,0.9551133333333333,0.9867116666666667,
2021-10-11,0.9362,0.9362,0.02,0.9297500000000001,0.94055,0.95365,0.9855533333333334,
2021-10-12,0.9175,0.9175,-2.0,0.9287000000000001,0.9392800000000001,0.95147,0.9843049999999999,
2021-10-13,0.9265,0.9265,0.98,0.9287799999999999,0.9376299999999999,0.9486933333333333,0.9826283333333333,
2021-10-14,0.9322,0.9322,0.62,0.92824,0.93607,0.9462266666666667,0.9809433333333332,
2021-10-15,0.9412,0.9412,0.97,0.92859,0.9350349999999998,0.9442699999999999,0.9797033333333333,
2021-10-18,0.9287,0.9287,-1.33,0.9281099999999999,0.9336800000000001,0.9426166666666667,0.978165,
2021-10-19,0.9404,0.9404,1.26,0.9292199999999999,0.93254,0.94124,0.9769833333333333,
2021-10-20,0.9392,0.9392,-0.13,0.93208,0.93198,0.9398933333333335,0.9756300000000001,
2021-10-21,0.9359,0.9359,-0.35,0.93338,0.9312999999999999,0.9392499999999999,0.9742166666666666,
2021-10-22,0.9386,0.9386,0.29,0.9336400000000001,0.93118,0.9385033333333334,0.97245,
2021-10-25,0.9407,0.9407,0.22,0.93409,0.9319200000000001,0.9383966666666665,0.97067,
2021-10-26,0.9386,0.9386,-0.22,0.9361999999999998,0.93245,0.9382533333333334,0.96911,
2021-10-27,0.9196,0.9196,-2.02,0.9355100000000001,0.932145,0.9369233333333332,0.9674883333333334,
2021-10-28,0.9171,0.9171,-0.27,0.9339999999999999,0.93112,0.93538,0.9659650000000001,
2021-10-29,0.9316,0.9316,1.58,0.9330400000000001,0.930815,0.9343699999999999,0.9649683333333333,
2021-11-01,0.9488,0.9488,1.85,0.93505,0.93158,0.9341366666666666,0.9637600000000001,
2021-11-02,0.951,0.951,0.23,0.93611,0.9326649999999999,0.9337300000000001,0.9626966666666666,
2021-11-03,0.9584,0.9584,0.78,0.9380299999999998,0.935055,0.9339966666666667,0.9614916666666667,
2021-11-04,0.9644,0.9644,0.63,0.9408800000000002,0.9371300000000001,0.9344933333333334,0.9604849999999999,
2021-11-05,0.9741,0.9741,1.01,0.94443,0.9390350000000002,0.9355966666666667,0.9593833333333333,
2021-11-08,0.9654,0.9654,-0.89,0.9469,0.940495,0.9369133333333334,0.9583966666666667,
2021-11-09,0.9854,0.9854,2.07,0.9515800000000001,0.9438899999999999,0.9388266666666667,0.957815,
2021-11-10,0.9828,0.9828,-0.26,0.9579000000000001,0.946705,0.9407300000000001,0.9570083333333333,
2021-11-11,0.9885,0.9885,0.58,0.9650400000000001,0.94952,0.9424266666666666,0.956185,
2021-11-12,0.9923,0.9923,0.38,0.9711100000000001,0.952075,0.9442466666666666,0.9555766666666666,
2021-11-15,0.9945,0.9945,0.22,0.97568,0.9553650000000001,0.94628,0.9550233333333333,
2021-11-16,0.9905,0.9905,-0.4,0.97963,0.9578700000000001,0.94832,0.9548233333333334,
2021-11-17,0.9997,0.9997,0.93,0.9837600000000002,0.960895,0.95129,0.9547683333333334,
2021-11-18,0.9886,0.9886,-1.11,0.9861800000000001,0.9635300000000001,0.9534800000000001,0.9549766666666667,
2021-11-19,0.9996,0.9996,1.11,0.98873,0.9665800000000001,0.9556,0.9553566666666667,
2021-11-22,1.0165,1.0165,1.69,0.9938400000000002,0.9703700000000002,0.9582766666666667,0.9559633333333334,
2021-11-23,1.0107,1.0107,-0.57,0.9963700000000001,0.973975,0.9613833333333334,0.9564266666666668,
2021-11-24,1.0097,1.0097,-0.1,0.9990600000000001,0.97848,0.9641566666666667,0.9564249999999999,
2021-11-25,1.0067,1.0067,-0.3,1.00088,0.98296,0.9666399999999999,0.9564333333333332,
2021-11-26,0.9922,0.9922,-1.44,1.0008700000000001,0.9859899999999999,0.96834,0.9563050000000001,
2021-11-29,0.9944,0.9944,0.22,1.00086,0.9882700000000002,0.97053,0.9565733333333334,
2021-11-30,1.0084,1.0084,1.41,1.00265,0.99114,0.9727966666666668,0.9570183333333334,
2021-12-01,1.0101,1.0101,0.17,1.0036900000000002,0.9937250000000001,0.97516,0.9575266666666666,
2021-12-02,1.001,1.001,-0.9,1.0049299999999999,0.9955549999999999,0.97733,0.95829,
2021-12-03,1.0105,1.0105,0.95,1.00602,0.9973749999999999,0.9797266666666666,0.959115,
2021-12-06,0.9935,0.9935,-1.68,1.00372,0.99878,0.9814866666666667,0.9599416666666667,
2021-12-07,0.9852,0.9852,-0.84,1.00117,0.99877,0.98304,0.9606466666666666,
2021-12-08,1.0177,1.0177,3.3,1.0019699999999998,1.000515,0.98631,0.9616166666666666,
2021-12-09,1.026,1.026,0.82,1.0039,1.00239,0.98994,0.96266,
2021-12-10,1.0171,1.0171,-0.87,1.0063900000000001,1.00363,0.99279,0.96358,
2021-12-13,1.0196,1.0196,0.25,1.0089099999999998,1.004885,0.9951500000000001,0.9646433333333334,
2021-12-14,1.0234,1.0234,0.37,1.0104099999999998,1.00653,0.9975633333333334,0.9656466666666667,
2021-12-15,1.018,1.018,-0.53,1.0112,1.007445,0.9995499999999999,0.9667733333333334,
2021-12-16,1.0247,1.0247,0.66,1.01357,1.00925,1.00156,0.9680266666666667,
2021-12-17,1.0038,1.0038,-2.04,1.0129,1.00946,1.00255,0.9690733333333333,
2021-12-20,0.986,0.986,-1.77,1.01215,1.007935,1.0032366666666668,0.9700749999999999,
2021-12-21,1.0024,1.0024,1.66,1.01387,1.00752,1.0038033333333334,0.971315,
2021-12-22,1.0125,1.0125,1.01,1.01335,1.00766,1.0047933333333332,0.9727616666666667,
2021-12-23,1.0095,1.0095,-0.3,1.0117,1.0078,1.0054933333333334,0.9739599999999999,
2021-12-24,1.0023,1.0023,-0.71,1.01022,1.008305,1.0058266666666666,0.9750366666666667,
2021-12-27,1.0046,1.0046,0.23,1.0087199999999998,1.0088149999999998,1.0061633333333333,0.9762216666666667,
2021-12-28,1.0147,1.0147,1.01,1.00785,1.00913,1.00697,0.977645,
2021-12-29,1.0093,1.0093,-0.53,1.00698,1.00909,1.00729,0.97929,
2021-12-30,1.0245,1.0245,1.51,1.00696,1.010265,1.0084866666666668,0.9809833333333332,
2021-12-31,1.0259,1.0259,0.14,1.00917,1.0110350000000001,1.0093633333333334,0.9824816666666666,
2022-01-04,1.0274,1.0274,0.15,1.01331,1.01273,1.0097266666666667,0.9840016666666666,
2022-01-05,1.0098,1.0098,-1.71,1.01405,1.01396,1.0096966666666665,0.9855400000000001,
2022-01-06,0.9992,0.9992,-1.05,1.01272,1.013035,1.0093466666666666,0.9867516666666666,
2022-01-07,0.9837,0.9837,-1.55,1.01014,1.01092,1.00858,0.9876100000000001,
2022-01-10,0.9958,0.9958,1.23,1.00949,1.009855,1.0087,0.98852,
2022-01-11,0.9778,0.9778,-1.81,1.00681,1.007765,1.0081466666666665,0.9893383333333333,
2022-01-12,0.9879,0.9879,1.03,1.00413,1.0059900000000002,1.0074633333333334,0.99013,
2022-01-13,0.9783,0.9783,-0.97,1.00103,1.004005,1.0064033333333333,0.9907816666666667,
2022-01-14,0.9855,0.9855,0.74,0.9971300000000001,1.002045,1.0058866666666666,0.9916083333333334,
2022-01-17,1.0335,1.0335,4.87,0.9978899999999999,1.00353,1.0066533333333334,0.99319,
2022-01-18,1.0424,1.0424,0.86,0.99939,1.0063499999999999,1.0082833333333334,0.994885,
2022-01-19,1.0381,1.0381,-0.41,1.00222,1.008135,1.0100466666666668,0.9965433333333333,
2022-01-20,1.0274,1.0274,-1.03,1.0050400000000002,1.00888,1.01037,0.99834,
2022-01-21,1.0138,1.0138,-1.32,1.0080500000000001,1.0090949999999999,1.0099633333333333,0.9999516666666667,
2022-01-24,1.0147,1.0147,0.09,1.00994,1.0097150000000001,1.0098833333333335,1.0013366666666665,
2022-01-25,0.9749,0.9749,-3.92,1.0096500000000002,1.00823,1.0083933333333333,1.0017716666666667,
2022-01-26,0.9739,0.9739,-0.1,1.00825,1.00619,1.0067433333333333,1.0021533333333332,
2022-01-27,0.9316,0.9316,-4.34,1.00358,1.002305,1.0038633333333333,1.0017066666666667,
2022-01-28,0.9242,0.9242,-0.79,0.9974500000000001,0.9972900000000001,1.0005133333333334,1.0010366666666668,
2022-02-07,0.9163,0.9163,-0.85,0.98573,0.9918100000000001,0.9975966666666667,1.0000733333333334,
2022-02-08,0.9181,0.9181,0.2,0.9732999999999998,0.986345,0.9953333333333333,0.999285,
2022-02-09,0.9382,0.9382,2.19,0.9633099999999999,0.982765,0.9931933333333334,0.9984983333333334,
2022-02-10,0.9335,0.9335,-0.5,0.9539199999999999,0.97948,0.9905600000000001,0.9976766666666667,
2022-02-11,0.9188,0.9188,-1.57,0.9444199999999998,0.9762350000000002,0.9875366666666667,0.996515,
2022-02-14,0.9172,0.9172,-0.17,0.93467,0.9723050000000001,0.9847,0.9952633333333334,
2022-02-15,0.9319,0.9319,1.6,0.9303699999999999,0.9700099999999999,0.9822766666666667,0.99422,
2022-02-16,0.9308,0.9308,-0.12,0.92606,0.967155,0.97948,0.9932250000000001,
2022-02-17,0.928,0.928,-0.3,0.9257,0.9646399999999999,0.97677,0.99203,
2022-02-18,0.944,0.944,1.72,0.92768,0.962565,0.9740866666666667,0.9912866666666668,
2022-02-21,0.9719,0.9719,2.96,0.93324,0.9594850000000001,0.9722866666666667,0.990825,
2022-02-22,0.9575,0.9575,-1.48,0.93718,0.9552400000000001,0.9699566666666667,0.9898416666666666,
2022-02-23,0.9807,0.9807,2.42,0.9414300000000001,0.9523699999999999,0.9689866666666667,0.9893416666666667,
2022-02-24,0.9475,0.9475,-3.39,0.9428300000000001,0.9483750000000001,0.9672633333333334,0.9883050000000001,
2022-02-25,0.9523,0.9523,0.51,0.9461799999999998,0.9452999999999999,0.9662166666666666,0.9873983333333334,
2022-02-28,0.9508,0.9508,-0.16,0.94954,0.942105,0.9647166666666667,0.9867083333333333,
2022-03-01,0.9521,0.9521,0.14,0.9515600000000001,0.940965,0.96386,0.9860033333333332,
2022-03-02,0.9466,0.9466,-0.58,0.95314,0.9396000000000001,0.9624833333333334,0.9849733333333333,
2022-03-03,0.9298,0.9298,-1.77,0.9533200000000001,0.9395100000000001,0.9608666666666666,0.983635,
2022-03-04,0.9207,0.9207,-0.98,0.95099,0.939335,0.9587066666666667,0.9822966666666666,
2022-03-07,0.8853,0.8853,-3.84,0.9423299999999999,0.9377849999999999,0.9537666666666667,0.9802099999999999,
2022-03-08,0.8714,0.8714,-1.57,0.9337199999999999,0.93545,0.9480666666666667,0.978175,
2022-03-09,0.8686,0.8686,-0.32,0.9225099999999999,0.9319700000000001,0.9424166666666667,0.9762316666666667,
2022-03-10,0.8739,0.8739,0.61,0.91515,0.92899,0.9373,0.973835,
2022-03-11,0.882,0.882,0.93,0.90812,0.9271500000000001,0.9329066666666667,0.9714349999999999,
2022-03-14,0.8555,0.8555,-3.0,0.8985899999999999,0.924065,0.9276,0.9687416666666666,
2022-03-15,0.8197,0.8197,-4.18,0.8853500000000001,0.918455,0.9224266666666667,0.9654100000000001,
2022-03-16,0.8511,0.8511,3.83,0.8757999999999999,0.91447,0.9183333333333333,0.9625383333333333,
2022-03-17,0.8693,0.8693,2.14,0.86975,0.911535,0.9162566666666667,0.96006,
2022-03-18,0.8637,0.8637,-0.64,0.86405,0.9075200000000001,0.9142399999999999,0.9573766666666667,
2022-03-21,0.8618,0.8618,-0.22,0.8617000000000001,0.9020149999999999,0.9124233333333333,0.95501,
2022-03-22,0.8585,0.8585,-0.38,0.8604100000000001,0.8970649999999999,0.9104366666666667,0.9528850000000001,
2022-03-23,0.8601,0.8601,0.19,0.8595600000000001,0.8910350000000001,0.9078333333333333,0.9505133333333333,
2022-03-24,0.8406,0.8406,-2.27,0.85623,0.88569,0.9047366666666666,0.9476483333333333,
2022-03-25,0.8283,0.8283,-1.46,0.85086,0.87949,0.90172,0.9446283333333334,
2022-03-28,0.8196,0.8196,-1.05,0.84727,0.87293,0.8984666666666666,0.9415833333333333,
2022-03-29,0.8073,0.8073,-1.5,0.8460300000000001,0.8656900000000001,0.8943133333333334,0.938295,
2022-03-30,0.8254,0.8254,2.24,0.84346,0.8596299999999999,0.8908,0.9351400000000001,
2022-03-31,0.8171,0.8171,-1.01,0.8382400000000001,0.853995,0.8871033333333334,0.9319366666666667,
2022-04-01,0.816,0.816,-0.13,0.8334699999999999,0.8487599999999998,0.8828366666666666,0.9284616666666666,
2022-04-06,0.8076,0.8076,-1.03,0.82805,0.844875,0.8773599999999999,0.9248233333333332,
2022-04-07,0.787,0.787,-2.55,0.8209,0.8406549999999999,0.8716766666666665,0.9208166666666667,
2022-04-08,0.7783,0.7783,-1.11,0.81272,0.83614,0.86493,0.9169583333333333,
2022-04-11,0.7403,0.7403,-4.88,0.8026899999999999,0.8294600000000001,0.8580233333333334,0.9126433333333334,
2022-04-12,0.7539,0.7539,1.84,0.79525,0.8230550000000001,0.85141,0.9088133333333333,
2022-04-13,0.7391,0.7391,-1.96,0.7872,0.8172349999999999,0.8443533333333334,0.904535,
2022-04-14,0.7492,0.7492,1.37,0.78139,0.81371,0.83759,0.900725,
2022-04-15,0.7493,0.7493,0.01,0.77378,0.80862,0.8310133333333333,0.8967483333333334,
2022-04-18,0.7641,0.7641,1.98,0.76848,0.80336,0.82549,0.8931783333333333,
2022-04-19,0.752,0.752,-1.58,0.76208,0.7977749999999999,0.8198666666666666,0.8892866666666667,
2022-04-20,0.7461,0.7461,-0.78,0.75593,0.79199,0.8152266666666667,0.8844966666666667,
2022-04-21,0.7285,0.7285,-2.36,0.75008,0.78549,0.8104633333333333,0.879265,
2022-04-22,0.7146,0.7146,-1.91,0.74371,0.778215,0.80533,0.8738733333333334,
2022-04-25,0.6669,0.6669,-6.68,0.7363700000000001,0.7695299999999999,0.79843,0.867865,
2022-04-26,0.6417,0.6417,-3.78,0.72515,0.7602,0.7904199999999999,0.8616633333333332,
2022-04-27,0.6775,0.6775,5.58,0.71899,0.753095,0.7844866666666667,0.8560433333333334,
2022-04-28,0.6672,0.6672,-1.52,0.71079,0.74609,0.7794033333333332,0.8509150000000001,
2022-04-29,0.7009,0.7009,5.05,0.70595,0.739865,0.7743966666666666,0.846365,
2022-05-05,0.6919,0.6919,-1.28,0.6987300000000001,0.7336050000000001,0.7684833333333334,0.84237,
2022-05-06,0.6761,0.6761,-2.28,0.6911400000000001,0.72661,0.76223,0.838235,
2022-05-09,0.6708,0.6708,-0.78,0.68361,0.71977,0.7558633333333333,0.8341433333333333,
2022-05-10,0.6825,0.6825,1.74,0.67901,0.714545,0.7499966666666666,0.8302166666666667,
2022-05-11,0.6974,0.6974,2.18,0.67729,0.7104999999999999,0.7445733333333334,0.8262033333333334,
2022-05-12,0.6971,0.6971,-0.04,0.68031,0.70834,0.73979,0.8222633333333333,
2022-05-13,0.6922,0.6922,-0.7,0.68536,0.705255,0.7352533333333333,0.8184866666666667,
2022-05-16,0.6867,0.6867,-0.79,0.68628,0.702635,0.7308233333333334,0.8146450000000001,
2022-05-17,0.6966,0.6966,1.44,0.6892199999999999,0.700005,0.7271333333333333,0.8107233333333334,
2022-05-18,0.7,0.7,0.49,0.68913,0.69754,0.7229533333333333,0.8068766666666666,
2022-05-19,0.7005,0.7005,0.07,0.68999,0.6943600000000001,0.7190666666666666,0.8030849999999999,
2022-05-20,0.7085,0.7085,1.14,0.69323,0.692185,0.7154833333333334,0.79916,
2022-05-23,0.7172,0.7172,1.23,0.69787,0.69074,0.71247,0.7949149999999999,
2022-05-24,0.6831,0.6831,-4.75,0.69793,0.6884699999999999,0.7090066666666668,0.7903416666666667,
2022-05-25,0.6879,0.6879,0.7,0.69698,0.687135,0.7059933333333334,0.7854616666666666,
2022-05-26,0.6912,0.6912,0.48,0.69639,0.68835,0.7043566666666666,0.78119,
2022-05-27,0.6876,0.6876,-0.52,0.6959299999999999,0.6906450000000001,0.7021466666666666,0.7767783333333332,
2022-05-30,0.7042,0.7042,2.41,0.6976800000000001,0.69198,0.7009833333333333,0.7726683333333333,
2022-05-31,0.7199,0.7199,2.23,0.70001,0.694615,0.7000066666666668,0.7687983333333334,
2022-06-01,0.7198,0.7198,-0.01,0.70199,0.6955600000000001,0.6990233333333333,0.7650183333333334,
2022-06-02,0.7367,0.7367,2.35,0.70561,0.6978,0.69811,0.7617999999999999,
2022-06-06,0.7686,0.7686,4.33,0.71162,0.7024250000000001,0.6986633333333333,0.759265,
2022-06-07,0.7579,0.7579,-1.39,0.71569,0.70678,0.6990566666666667,0.7571416666666667,
2022-06-08,0.764,0.764,0.8,0.72378,0.710855,0.7002400000000001,0.7553516666666666,
2022-06-09,0.7409,0.7409,-3.02,0.72908,0.71303,0.7011166666666667,0.7532233333333332,
2022-06-10,0.7493,0.7493,1.13,0.73489,0.7156399999999999,0.7038633333333333,0.7511466666666667,
2022-06-13,0.7429,0.7429,-0.85,0.74042,0.718175,0.7072366666666667,0.7488283333333334,
2022-06-14,0.7377,0.7377,-0.7,0.7437699999999999,0.7207250000000001,0.7092433333333332,0.746865,
2022-06-15,0.7465,0.7465,1.19,0.74643,0.72322,0.7118866666666667,0.745645,
2022-06-16,0.7509,0.7509,0.59,0.74954,0.725765,0.7135533333333334,0.743975,
2022-06-17,0.7496,0.7496,-0.17,0.75083,0.72822,0.7154766666666668,0.74198,
2022-06-20,0.7626,0.7626,1.73,0.75023,0.730925,0.7183600000000001,0.7402949999999999,
2022-06-21,0.76,0.76,-0.34,0.75044,0.7330650000000001,0.7213333333333334,0.7385983333333334,
2022-06-22,0.7391,0.7391,-2.75,0.74795,0.735865,0.72322,0.7366083333333333,
2022-06-23,0.7558,0.7558,2.26,0.74944,0.73926,0.7251666666666666,0.7348700000000001,
2022-06-24,0.7656,0.7656,1.3,0.75107,0.74298,0.7274499999999999,0.73362,
2022-06-27,0.7726,0.7726,0.91,0.75404,0.74723,0.7301300000000001,0.7326916666666666,
2022-06-28,0.7876,0.7876,1.94,0.75903,0.7514,0.7334933333333333,0.7321583333333332,
2022-06-29,0.7807,0.7807,-0.88,0.76245,0.75444,0.7362966666666666,0.731715,
2022-06-30,0.7875,0.7875,0.87,0.7661100000000001,0.757825,0.7392133333333333,0.7310833333333334,
2022-07-01,0.783,0.783,-0.57,0.76945,0.76014,0.7419633333333333,0.730515,
2022-07-04,0.7793,0.7793,-0.47,0.77112,0.760675,0.7443233333333333,0.7299033333333333,
2022-07-05,0.7709,0.7709,-1.08,0.7722100000000001,0.761325,0.7461133333333333,0.7292916666666667,
2022-07-06,0.7668,0.7668,-0.53,0.77498,0.7614650000000001,0.7489033333333333,0.7289550000000001,
2022-07-07,0.7641,0.7641,-0.35,0.77581,0.7626250000000001,0.7514433333333332,0.7287183333333334,
2022-07-08,0.7631,0.7631,-0.13,0.77556,0.7633150000000001,0.7538400000000001,0.7290983333333333,
2022-07-11,0.7457,0.7457,-2.28,0.77287,0.763455,0.7557766666666667,0.7289616666666667,
2022-07-12,0.7273,0.7273,-2.47,0.76684,0.7629349999999999,0.7565466666666667,0.728765,
2022-07-13,0.7261,0.7261,-0.16,0.7613800000000001,0.761915,0.7567533333333333,0.7283799999999999,
2022-07-14,0.7324,0.7324,0.87,0.75587,0.7609899999999999,0.7571733333333334,0.7280983333333333,
2022-07-15,0.7228,0.7228,-1.31,0.74985,0.7596499999999999,0.75671,0.7274100000000001,
2022-07-18,0.7364,0.7364,1.88,0.74556,0.7583399999999999,0.7556366666666666,0.72715,
2022-07-19,0.7468,0.7468,1.41,0.74315,0.7576799999999999,0.7552666666666668,0.7271616666666667,
2022-07-20,0.7503,0.7503,0.47,0.7415,0.75824,0.7548099999999999,0.7275250000000001,
2022-07-21,0.7533,0.7533,0.4,0.7404200000000001,0.758115,0.7552233333333332,0.72817,
2022-07-22,0.743,0.743,-1.37,0.73841,0.756985,0.7550133333333334,0.7294383333333333,
2022-07-25,0.735,0.735,-1.08,0.73734,0.755105,0.7547499999999999,0.7309933333333334,
2022-07-26,0.7419,0.7419,0.94,0.7388,0.75282,0.7548900000000001,0.7320666666666666,
2022-07-27,0.747,0.747,0.69,0.74089,0.751135,0.7549066666666667,0.7333966666666666,
2022-07-28,0.757,0.757,1.34,0.74335,0.74961,0.75511,0.7343316666666666,
2022-07-29,0.7466,0.7466,-1.37,0.74573,0.74779,0.75501,0.7352433333333334,
2022-08-01,0.7545,0.7545,1.06,0.74754,0.7465499999999999,0.75474,0.7365499999999999,
2022-08-02,0.7336,0.7336,-2.77,0.74622,0.744685,0.75386,0.7375966666666667,
2022-08-03,0.7436,0.7436,1.36,0.74555,0.743525,0.75401,0.738615,
2022-08-04,0.7526,0.7526,1.21,0.7454799999999999,0.74295,0.7539033333333334,0.7395349999999999,
2022-08-05,0.7864,0.7864,4.49,0.74982,0.744115,0.7545966666666667,0.7410233333333333,
2022-08-08,0.7832,0.7832,-0.41,0.75464,0.74599,0.7549499999999999,0.74254,
2022-08-09,0.7812,0.7812,-0.26,0.75857,0.748685,0.7547366666666666,0.744115,
2022-08-10,0.7692,0.7692,-1.54,0.76079,0.75084,0.7543533333333333,0.745325,
2022-08-11,0.7825,0.7825,1.73,0.76334,0.753345,0.7541866666666668,0.7467,
2022-08-12,0.7697,0.7697,-1.64,0.7656499999999999,0.7556900000000001,0.7537433333333333,0.7478533333333334,
2022-08-15,0.7572,0.7572,-1.62,0.76592,0.75673,0.7530066666666667,0.748665,
2022-08-16,0.7519,0.7519,-0.7,0.76775,0.756985,0.7523733333333333,0.7492433333333334,
2022-08-17,0.7576,0.7576,0.76,0.76915,0.75735,0.7520666666666667,0.750485,
2022-08-18,0.7556,0.7556,-0.26,0.7694500000000001,0.757465,0.7517833333333334,0.7516133333333334,
2022-08-19,0.7382,0.7382,-2.3,0.76463,0.7572249999999999,0.7509533333333334,0.7523966666666666,
2022-08-22,0.7405,0.7405,0.31,0.76036,0.7575000000000001,0.7507800000000001,0.7532783333333334,
2022-08-23,0.7404,0.7404,-0.01,0.7562800000000001,0.757425,0.7512166666666666,0.7538816666666667,
2022-08-24,0.7096,0.7096,-4.16,0.7503200000000001,0.755555,0.7506666666666668,0.75371,
2022-08-25,0.7033,0.7033,-0.89,0.7424000000000001,0.7528699999999999,0.7496966666666667,0.753435,
2022-08-26,0.6973,0.6973,-0.85,0.73516,0.750405,0.7488466666666668,0.7527783333333333,
2022-08-29,0.6961,0.6961,-0.17,0.7290500000000001,0.747485,0.7475033333333333,0.75157,
2022-08-30,0.6996,0.6996,0.5,0.72382,0.7457849999999999,0.74593,0.7505983333333334,
2022-08-31,0.6914,0.6914,-1.17,0.7172000000000001,0.743175,0.7439666666666668,0.7493883333333333,
2022-09-01,0.691,0.691,-0.06,0.71074,0.740095,0.74189,0.7485566666666668,
2022-09-02,0.6964,0.6964,0.78,0.70656,0.7355950000000001,0.7403366666666666,0.7476749999999999,
2022-09-05,0.6866,0.6866,-1.41,0.7011700000000001,0.730765,0.7387233333333333,0.7467366666666667,
2022-09-06,0.6902,0.6902,0.52,0.69615,0.726215,0.737,0.7459450000000001,
2022-09-07,0.695,0.695,0.7,0.6946899999999999,0.7225050000000001,0.7352666666666666,0.7450866666666667,
2022-09-08,0.6851,0.6851,-1.42,0.69287,0.717635,0.73287,0.74399,
2022-09-09,0.6898,0.6898,0.69,0.69212,0.71364,0.7309766666666667,0.7429933333333333,
2022-09-13,0.6908,0.6908,0.14,0.6915899999999999,0.7103200000000001,0.7288533333333334,0.7417966666666668,
2022-09-14,0.6865,0.6865,-0.62,0.69028,0.70705,0.7272833333333334,0.7405716666666666,
2022-09-15,0.6708,0.6708,-2.29,0.6882199999999999,0.70271,0.7248566666666666,0.7394333333333333,
2022-09-16,0.6688,0.6688,-0.3,0.6859999999999999,0.6983699999999999,0.7220633333333333,0.7379833333333333,
2022-09-19,0.658,0.658,-1.61,0.68216,0.69436,0.7177833333333333,0.73619,
2022-09-20,0.6604,0.6604,0.36,0.67954,0.690355,0.71369,0.73432,
2022-09-21,0.6566,0.6566,-0.58,0.67618,0.686165,0.7095366666666667,0.7321366666666668,
2022-09-22,0.6548,0.6548,-0.27,0.6721600000000001,0.683425,0.7057233333333333,0.7300383333333333,
2022-09-23,0.6412,0.6412,-2.08,0.66777,0.68032,0.7010133333333334,0.7276,
2022-09-26,0.6356,0.6356,-0.87,0.66235,0.677235,0.6965433333333333,0.7251433333333333,
2022-09-27,0.6492,0.6492,2.14,0.65819,0.67489,0.6929433333333334,0.7229749999999999,
2022-09-28,0.6358,0.6358,-2.06,0.65312,0.6717000000000001,0.6890733333333333,0.7207233333333334,
2022-09-29,0.6355,0.6355,-0.05,0.6495900000000001,0.668905,0.6850033333333333,0.7185349999999999,
2022-09-30,0.6256,0.6256,-1.56,0.64527,0.665635,0.68067,0.7162266666666667,
2022-10-10,0.5955,0.5955,-4.81,0.63902,0.6605899999999999,0.6759133333333334,0.7134333333333334,
2022-10-11,0.5958,0.5958,0.05,0.63256,0.65605,0.6710900000000001,0.7109349999999999,
2022-10-12,0.6161,0.6161,3.41,0.62851,0.652345,0.6669466666666667,0.7090816666666666,
2022-10-13,0.6251,0.6251,1.46,0.62554,0.64885,0.66413,0.7073983333333334,
2022-10-14,0.6406,0.6406,2.48,0.62548,0.646625,0.66204,0.7058683333333334,
2022-10-17,0.6536,0.6536,2.03,0.6272800000000001,0.644815,0.6605833333333333,0.704715,
2022-10-18,0.6503,0.6503,-0.5,0.6273899999999999,0.64279,0.6590566666666666,0.70328,
2022-10-19,0.6435,0.6435,-1.05,0.62816,0.64064,0.6571866666666666,0.7015583333333333,
2022-10-20,0.6506,0.6506,1.1,0.62967,0.63963,0.6558266666666666,0.6998966666666667,
2022-10-21,0.6494,0.6494,-0.18,0.63205,0.63866,0.6544399999999999,0.698165,
2022-10-24,0.6463,0.6463,-0.48,0.63713,0.638075,0.65277,0.6965533333333334,
2022-10-25,0.6368,0.6368,-1.47,0.64123,0.636895,0.65111,0.6949166666666666,
2022-10-26,0.6607,0.6607,3.75,0.6456899999999999,0.6371,0.6501266666666666,0.6935633333333333,
2022-10-27,0.6655,0.6655,0.73,0.64973,0.6376350000000001,0.6491433333333333,0.692205,
2022-10-28,0.6455,0.6455,-3.01,0.65022,0.63785,0.6478233333333333,0.6903466666666667,
2022-10-31,0.6653,0.6653,3.07,0.6513899999999999,0.639335,0.6470066666666666,0.6889916666666667,
2022-11-01,0.68,0.68,2.21,0.65436,0.6408750000000001,0.6466466666666667,0.68775,
2022-11-02,0.6906,0.6906,1.56,0.65907,0.6436149999999999,0.6467833333333334,0.6870333333333333,
2022-11-03,0.686,0.686,-0.67,0.66261,0.64614,0.64729,0.6860733333333332,
2022-11-04,0.6958,0.6958,1.43,0.66725,0.6496500000000001,0.6481899999999999,0.6851266666666668,
2022-11-07,0.6916,0.6916,-0.6,0.6717799999999999,0.654455,0.6493099999999999,0.6835466666666667,
2022-11-08,0.691,0.691,-0.09,0.6772,0.659215,0.65033,0.68201,
2022-11-09,0.6832,0.6832,-1.13,0.6794499999999999,0.66257,0.6512166666666667,0.6803766666666667,
2022-11-10,0.6762,0.6762,-1.02,0.68052,0.665125,0.65193,0.6788266666666666,
2022-11-11,0.6832,0.6832,1.04,0.6842900000000001,0.667255,0.65333,0.6771716666666666,
2022-11-14,0.6867,0.6867,0.51,0.68643,0.6689100000000001,0.6550333333333334,0.6757883333333333,
2022-11-15,0.7157,0.7157,4.22,0.69,0.67218,0.6572499999999999,0.6750966666666667,
2022-11-16,0.7092,0.7092,-0.91,0.6918599999999999,0.675465,0.6596966666666667,0.6743850000000001,
2022-11-17,0.7267,0.7267,2.47,0.6959299999999999,0.67927,0.6627366666666666,0.6738700000000001,
2022-11-18,0.7132,0.7132,-1.86,0.6976699999999999,0.68246,0.6656566666666667,0.6731633333333333,
2022-11-21,0.7102,0.7102,-0.42,0.69953,0.685655,0.66948,0.6726966666666667,
2022-11-22,0.6996,0.6996,-1.49,0.70039,0.688795,0.67294,0.672015,
2022-11-23,0.6953,0.6953,-0.61,0.7016,0.6905249999999999,0.67558,0.6712633333333334,
2022-11-24,0.6896,0.6896,-0.82,0.70294,0.69173,0.6777299999999999,0.67093,
2022-11-25,0.6822,0.6822,-1.07,0.70284,0.693565,0.6791166666666667,0.6705783333333334,
2022-11-28,0.6738,0.6738,-1.23,0.70155,0.69399,0.67979,0.6701866666666667,
2022-11-29,0.6898,0.6898,2.37,0.69896,0.69448,0.6811066666666666,0.6700816666666667,
2022-11-30,0.688,0.688,-0.26,0.69684,0.69435,0.68259,0.6698883333333332,
2022-12-01,0.7021,0.7021,2.05,0.69438,0.695155,0.6843066666666666,0.6700666666666667,
2022-12-02,0.7015,0.7015,-0.09,0.6932099999999999,0.69544,0.6860433333333334,0.6702416666666667,
2022-12-05,0.7107,0.7107,1.31,0.69326,0.6963950000000001,0.6881900000000001,0.67048,
2022-12-06,0.7147,0.7147,0.56,0.6947699999999999,0.69758,0.6907866666666667,0.6709483333333333,
2022-12-07,0.709,0.709,-0.8,0.69614,0.69887,0.6923966666666668,0.6712616666666666,
2022-12-08,0.7011,0.7011,-1.11,0.69729,0.700115,0.6935833333333333,0.6713633333333333,
2022-12-09,0.7044,0.7044,0.47,0.69951,0.7011749999999999,0.6955466666666668,0.671685,
2022-12-12,0.7166,0.7166,1.73,0.7037899999999999,0.70267,0.6972566666666666,0.6721316666666667,
2022-12-13,0.7005,0.7005,-2.25,0.7048599999999999,0.70191,0.6979399999999999,0.6722933333333334,
2022-12-14,0.701,0.701,0.07,0.70616,0.7015,0.6982866666666666,0.672535,
2022-12-15,0.7085,0.7085,1.07,0.7068000000000001,0.7005899999999999,0.6990366666666666,0.6731633333333332,
2022-12-16,0.6953,0.6953,-1.86,0.70618,0.699695,0.6990200000000001,0.673605,
2022-12-19,0.6821,0.6821,-1.9,0.70332,0.69829,0.6987033333333333,0.6740066666666666,
2022-12-20,0.6713,0.6713,-1.58,0.69898,0.696875,0.6980466666666667,0.6741883333333334,
2022-12-21,0.666,0.666,-0.79,0.69468,0.6954100000000001,0.6974733333333333,0.674345,
2022-12-22,0.666,0.666,0.0,0.69117,0.6942299999999999,0.6971333333333334,0.6745316666666666,
2022-12-23,0.6682,0.6682,0.33,0.68755,0.69353,0.6966333333333333,0.6749816666666667,
2022-12-26,0.6759,0.6759,1.15,0.6834800000000001,0.693635,0.6962733333333333,0.6756533333333333,
2022-12-27,0.6787,0.6787,0.41,0.6813,0.6930799999999999,0.6950400000000001,0.676145,
2022-12-28,0.6666,0.6666,-1.78,0.67786,0.69201,0.6936199999999999,0.6766583333333334,
2022-12-29,0.6715,0.6715,0.74,0.67416,0.69048,0.69178,0.6772583333333333,
2022-12-30,0.6724,0.6724,0.13,0.67187,0.689025,0.69042,0.6780383333333333,
2023-01-03,0.6955,0.6955,3.44,0.67321,0.688265,0.68993,0.679705,
2023-01-04,0.6979,0.6979,0.35,0.67587,0.687425,0.6898733333333333,0.6814066666666666,
2023-01-05,0.7103,0.7103,1.78,0.6803,0.68749,0.6903733333333334,0.6829766666666667,
2023-01-06,0.7053,0.7053,-0.7,0.68423,0.6877000000000001,0.6908966666666667,0.6843133333333334,
2023-01-09,0.7042,0.7042,-0.16,0.68783,0.6876900000000001,0.69163,0.6853733333333333,
2023-01-10,0.705,0.705,0.11,0.69074,0.6871099999999999,0.69267,0.68623,
2023-01-11,0.6927,0.6927,-1.74,0.69214,0.68672,0.6927666666666666,0.6869366666666666,
2023-01-12,0.6953,0.6953,0.38,0.69501,0.686435,0.6930099999999999,0.6878,
2023-01-13,0.6985,0.6985,0.46,0.69771,0.685935,0.69289,0.6885983333333333,
2023-01-16,0.7205,0.7205,3.15,0.70252,0.687195,0.6935233333333333,0.6897833333333333,
2023-01-17,0.7255,0.7255,0.69,0.70552,0.689365,0.6940166666666666,0.6911033333333333,
2023-01-18,0.7344,0.7344,1.23,0.7091700000000001,0.69252,0.6946733333333334,0.69273,
2023-01-19,0.757,0.757,3.08,0.71384,0.69707,0.6962733333333333,0.694335,
2023-01-20,0.7614,0.7614,0.58,0.71945,0.70184,0.6982833333333333,0.6959333333333333,
2023-01-30,0.7703,0.7703,1.17,0.72606,0.7069449999999999,0.70048,0.6980133333333334,
2023-01-31,0.7525,0.7525,-2.31,0.73081,0.710775,0.7016766666666666,0.6994666666666666,
2023-02-01,0.7699,0.7699,2.31,0.73853,0.715335,0.70399,0.700965,
2023-02-02,0.7707,0.7707,0.1,0.74607,0.72054,0.7063133333333333,0.7023,
2023-02-03,0.7798,0.7798,1.18,0.7542,0.725955,0.70869,0.7038633333333334,
2023-02-06,0.7802,0.7802,0.05,0.7601700000000001,0.731345,0.71152,0.70527,
2023-02-07,0.7824,0.7824,0.28,0.76586,0.73569,0.7148633333333333,0.7067833333333333,
2023-02-08,0.7782,0.7782,-0.54,0.77024,0.7397050000000001,0.7184266666666667,0.7082366666666666,
2023-02-09,0.8052,0.8052,3.47,0.77506,0.7444500000000001,0.7230666666666666,0.71027,
2023-02-10,0.795,0.795,-1.27,0.77842,0.748935,0.7273666666666666,0.7122499999999999,
2023-02-13,0.806,0.806,1.38,0.7819900000000001,0.754025,0.73196,0.7142966666666667,
2023-02-14,0.8037,0.8037,-0.29,0.78711,0.7589600000000001,0.73622,0.7162466666666667,
2023-02-15,0.8243,0.8243,2.56,0.79255,0.76554,0.7410733333333333,0.7180566666666668,
2023-02-16,0.8105,0.8105,-1.67,0.79653,0.7713000000000001,0.74587,0.719745,
2023-02-17,0.778,0.778,-4.01,0.7963500000000001,0.7752749999999999,0.7494200000000001,0.7205999999999999,
2023-02-20,0.8052,0.8052,3.5,0.7988500000000001,0.77951,0.7538466666666666,0.7221333333333333,
2023-02-21,0.804,0.804,-0.15,0.80101,0.7834350000000001,0.7574633333333334,0.7236966666666667,
2023-02-22,0.8072,0.8072,0.4,0.8039099999999999,0.787075,0.7611066666666666,0.7254900000000001,
2023-02-23,0.7934,0.7934,-1.71,0.80273,0.788895,0.7638766666666666,0.7271249999999999,
2023-02-24,0.7983,0.7983,0.62,0.80306,0.79074,0.7669766666666668,0.7289366666666666,
2023-02-27,0.7872,0.7872,-1.39,0.8011799999999999,0.7915850000000001,0.7697433333333333,0.7306866666666667,
2023-02-28,0.8023,0.8023,1.92,0.8010400000000001,0.794075,0.7729866666666666,0.7328283333333334,
2023-03-01,0.8332,0.8332,3.85,0.8019300000000001,0.7972400000000001,0.7776700000000001,0.7352183333333333,
2023-03-02,0.8336,0.8336,0.05,0.8042400000000001,0.800385,0.7822800000000001,0.7376450000000001,
2023-03-03,0.8249,0.8249,-1.04,0.8089299999999999,0.80264,0.7864933333333334,0.7396916666666667,
2023-03-06,0.8225,0.8225,-0.29,0.81066,0.8047549999999999,0.7898933333333333,0.7417083333333333,
2023-03-07,0.8011,0.8011,-2.6,0.81037,0.80569,0.7924133333333334,0.743215,
2023-03-08,0.8105,0.8105,1.17,0.8107000000000001,0.807305,0.79495,0.7448116666666668,
2023-03-09,0.8126,0.8126,0.26,0.8126200000000001,0.807675,0.7968033333333334,0.7465383333333333,
2023-03-10,0.8036,0.8036,-1.11,0.81315,0.808105,0.79821,0.7482466666666667,
2023-03-13,0.8274,0.8274,2.96,0.81717,0.8091750000000001,0.8001133333333335,0.7502966666666667,
2023-03-14,0.8255,0.8255,-0.23,0.81949,0.810265,0.8025466666666666,0.7521116666666667,
2023-03-15,0.8206,0.8206,-0.59,0.81823,0.8100799999999999,0.8042366666666666,0.7541133333333333,
2023-03-16,0.8118,0.8118,-1.07,0.8160499999999999,0.810145,0.8056066666666667,0.75596,
2023-03-17,0.8449,0.8449,4.08,0.81805,0.81349,0.8077766666666667,0.7582333333333334,
2023-03-20,0.8468,0.8468,0.22,0.8204800000000001,0.8155699999999999,0.8099966666666667,0.7607583333333333,
2023-03-21,0.8515,0.8515,0.56,0.82552,0.8179449999999999,0.8123,0.7635816666666667,
2023-03-22,0.8758,0.8758,2.85,0.8320500000000001,0.821375,0.8155533333333334,0.76699,
2023-03-23,0.9174,0.9174,4.75,0.84253,0.8275750000000001,0.8192933333333333,0.77118,
2023-03-24,0.9394,0.9394,2.4,0.8561099999999999,0.83463,0.8241066666666668,0.7757366666666666,
2023-03-27,0.9356,0.9356,-0.4,0.86693,0.8420500000000001,0.8284266666666668,0.7801933333333333,
2023-03-28,0.9107,0.9107,-2.66,0.8754500000000001,0.8474700000000001,0.8319933333333334,0.7841066666666667,
2023-03-29,0.9202,0.9202,1.04,0.8854099999999999,0.85182,0.8351900000000001,0.7881316666666667,
2023-03-30,0.9093,0.9093,-1.18,0.89516,0.855605,0.8384833333333332,0.7921766666666666,
2023-03-31,0.9338,0.9338,2.69,0.9040500000000001,0.86105,0.8436766666666667,0.7965483333333333,
2023-04-03,0.9765,0.9765,4.57,0.9170200000000002,0.86875,0.8493866666666666,0.8016166666666666,
2023-04-04,1.0011,1.0011,2.52,0.9319799999999999,0.8787499999999999,0.8559566666666666,0.80671,
2023-04-06,1.002,1.002,0.09,0.9446,0.8883249999999998,0.86245,0.8117783333333334,
2023-04-07,1.0167,1.0167,1.47,0.9545300000000001,0.8985299999999998,0.8698933333333333,0.816885,
2023-04-10,0.9685,0.9685,-4.74,0.9574399999999998,0.906775,0.8755666666666666,0.8212716666666666,
2023-04-11,0.9715,0.9715,0.31,0.96103,0.9139799999999999,0.88171,0.8257266666666666,
2023-04-12,0.9989,0.9989,2.82,0.9698500000000001,0.92265,0.8882633333333333,0.830625,
2023-04-13,0.9582,0.9582,-4.07,0.9736500000000001,0.9295300000000001,0.89243,0.83505,
2023-04-14,0.963,0.963,0.5,0.97902,0.9370900000000001,0.8967433333333333,0.8395116666666667,
2023-04-17,0.9551,0.9551,-0.82,0.9811500000000001,0.9426,0.9010833333333333,0.8437883333333333,
2023-04-18,0.9601,0.9601,0.52,0.97951,0.9482649999999999,0.9056700000000001,0.8477816666666665,
2023-04-19,0.9632,0.9632,0.32,0.9757200000000001,0.9538500000000001,0.9110733333333333,0.8517433333333333,
2023-04-20,0.9944,0.9944,3.24,0.9749599999999999,0.95978,0.9172033333333333,0.8560766666666667,
2023-04-21,0.935,0.935,-5.97,0.9667899999999999,0.9606600000000001,0.9212833333333333,0.8590433333333334,
2023-04-24,0.9254,0.9254,-1.03,0.96248,0.95996,0.9253433333333334,0.8617766666666667,
2023-04-25,0.9191,0.9191,-0.68,0.95724,0.9591349999999998,0.9283999999999999,0.8642566666666667,
2023-04-26,0.8801,0.8801,-4.24,0.94536,0.957605,0.93022,0.8663833333333334,
2023-04-27,0.8694,0.8694,-1.22,0.9364799999999999,0.9550649999999999,0.9318466666666667,0.8680416666666667,
2023-04-28,0.8903,0.8903,2.4,0.92921,0.954115,0.9344633333333333,0.870035,
2023-05-04,0.8754,0.8754,-1.67,0.9212400000000001,0.9511949999999999,0.93548,0.8716283333333333,
2023-05-05,0.86,0.86,-1.76,0.91123,0.9453700000000002,0.93592,0.8729583333333334,
2023-05-08,0.8772,0.8772,2.0,0.9026299999999999,0.939175,0.9367766666666667,0.8745383333333334,
2023-05-09,0.8731,0.8731,-0.47,0.8905000000000001,0.9327300000000001,0.9366866666666667,0.87612,
2023-05-10,0.8682,0.8682,-0.56,0.88382,0.925305,0.9350466666666666,0.87717,
2023-05-11,0.8543,0.8543,-1.6,0.8767099999999999,0.9195949999999999,0.93221,0.8781583333333334,
2023-05-12,0.8471,0.8471,-0.84,0.86951,0.9133749999999999,0.9292599999999999,0.8788433333333333,
2023-05-15,0.8517,0.8517,0.54,0.86667,0.906015,0.9272933333333333,0.8796433333333333,
2023-05-16,0.8339,0.8339,-2.09,0.86312,0.8997999999999999,0.9244166666666666,0.8798033333333333,
2023-05-17,0.8396,0.8396,0.68,0.8580499999999999,0.8936299999999999,0.9220933333333333,0.8802883333333332,
2023-05-18,0.8612,0.8612,2.57,0.85663,0.888935,0.9196733333333333,0.881675,
2023-05-19,0.8677,0.8677,0.75,0.8573999999999999,0.884315,0.9160466666666667,0.8827166666666667,
2023-05-22,0.8597,0.8597,-0.92,0.85565,0.8791399999999999,0.9113333333333333,0.883645,
2023-05-23,0.8484,0.8484,-1.31,0.85318,0.8718400000000001,0.9062133333333334,0.8843316666666666,
2023-05-24,0.8411,0.8411,-0.86,0.85047,0.867145,0.9003599999999999,0.8851266666666666,
2023-05-25,0.8473,0.8473,0.74,0.84977,0.8632399999999999,0.8963199999999999,0.8859433333333334,
2023-05-26,0.8664,0.8664,2.25,0.8516999999999999,0.8606050000000002,0.8928166666666667,0.8872633333333334,
2023-05-29,0.862,0.862,-0.51,0.85273,0.8596999999999999,0.8882533333333333,0.8882583333333334,
2023-05-30,0.8896,0.8896,3.2,0.8583000000000001,0.8607100000000001,0.8859666666666667,0.8891983333333333,
2023-05-31,0.9044,0.9044,1.66,0.86478,0.861415,0.8840133333333333,0.8903783333333333,
2023-06-01,0.9177,0.9177,1.47,0.87043,0.8635300000000001,0.8827666666666667,0.891925,
2023-06-02,0.9171,0.9171,-0.07,0.87537,0.866385,0.8813333333333333,0.8935016666666667,
2023-06-05,0.9184,0.9184,0.14,0.88124,0.868445,0.87984,0.8954566666666667,
