date,value,up&down,10,20,30,60
2019-05-06,0.9283,-7.69,,,,
2019-05-07,0.9523,2.59,,,,
2019-05-08,0.9525,0.02,,,,
2019-05-09,0.9182,-3.6,,,,
2019-05-10,0.9663,5.24,,,,
2019-05-13,0.9739,0.79,,,,
2019-05-14,0.9643,-0.99,,,,
2019-05-15,1.019,5.67,,,,
2019-05-16,1.033,1.37,,,,
2019-05-17,1.0027,-2.93,0.97105,,,
2019-05-20,0.9783,-2.43,0.97605,,,
2019-05-21,0.9896,1.16,0.97978,,,
2019-05-22,0.9797,-1.0,0.9825,,,
2019-05-23,0.9462,-3.42,0.9853,,,
2019-05-24,0.9584,1.29,0.98451,,,
2019-05-27,0.9647,0.66,0.98359,,,
2019-05-28,0.9723,0.79,0.98439,,,
2019-05-29,0.9769,0.47,0.98018,,,
2019-05-30,0.9709,-0.61,0.97397,,,
2019-05-31,0.9582,-1.31,0.96952,0.970285,,
2019-06-03,0.9502,-0.83,0.96671,0.97138,,
2019-06-04,0.926,-2.55,0.96035,0.970065,,
2019-06-05,0.9256,-0.04,0.95494,0.96872,,
2019-06-06,0.9148,-1.17,0.9518,0.96855,,
2019-06-10,0.932,1.88,0.94916,0.966835,,
2019-06-11,0.9804,5.19,0.95073,0.96716,,
2019-06-12,0.9696,-1.1,0.95046,0.967425,,
2019-06-13,0.9658,-0.39,0.94935,0.964765,,
2019-06-14,0.955,-1.12,0.94776,0.960865,,
2019-06-17,0.9487,-0.66,0.94681,0.958165,0.96246,
2019-06-18,0.9489,0.02,0.94668,0.956695,0.9631466666666668,
2019-06-19,0.9634,1.53,0.95042,0.955385,0.9635166666666668,
2019-06-20,1.005,4.32,0.95836,0.95665,0.9652666666666666,
2019-06-21,1.0125,0.75,0.96813,0.959965,0.96841,
2019-06-24,1.0298,1.71,0.97791,0.963535,0.9705266666666666,
2019-06-25,1.0295,-0.03,0.98282,0.966775,0.97238,
2019-06-26,1.0263,-0.31,0.98849,0.969475,0.9744466666666668,
2019-06-27,1.062,3.48,0.99811,0.97373,0.97588,
2019-06-28,1.0655,0.33,1.00916,0.97846,0.9769633333333334,
2019-07-01,1.1139,4.54,1.02568,0.986245,0.98067,
2019-07-02,1.1206,0.6,1.04285,0.994765,0.9854133333333334,
2019-07-03,1.0985,-1.97,1.0563600000000002,1.00339,0.9890433333333332,
2019-07-04,1.0775,-1.91,1.06361,1.010985,0.9923033333333332,
2019-07-05,1.1052,2.57,1.07288,1.020505,0.9976033333333334,
2019-07-08,1.0854,-1.79,1.0784399999999998,1.0281749999999998,1.0018366666666667,
2019-07-09,1.0928,0.68,1.08477,1.033795,1.0061066666666667,
2019-07-10,1.0956,0.26,1.0917,1.040095,1.0102166666666668,
2019-07-11,1.0838,-1.08,1.09388,1.045995,1.01378,
2019-07-12,1.0978,1.29,1.09711,1.053135,1.01801,
2019-07-15,1.0884,-0.86,1.09456,1.06012,1.02235,
2019-07-16,1.0768,-1.07,1.09018,1.066515,1.02657,
2019-07-17,1.0712,-0.52,1.08745,1.071905,1.03141,
2019-07-18,1.0561,-1.41,1.0853100000000002,1.07446,1.03576,
2019-07-19,1.0639,0.74,1.0811800000000005,1.0770300000000002,1.0407300000000002,
2019-07-22,1.0639,0.0,1.0790300000000002,1.078735,1.0451266666666668,
2019-07-23,1.046,-1.68,1.07435,1.07956,1.047313333333333,
2019-07-24,1.0463,0.03,1.06942,1.08056,1.04987,
2019-07-25,1.0566,0.98,1.0667,1.08029,1.0528966666666666,
2019-07-26,1.0568,0.02,1.0626,1.079855,1.05629,
2019-07-29,1.0668,0.95,1.06044,1.0775,1.0602266666666669,1.0113433333333333
2019-07-30,1.0621,-0.44,1.05897,1.0745749999999998,1.0639999999999998,1.0135733333333332
2019-07-31,1.0455,-1.56,1.0564,1.071925,1.0667366666666669,1.0151266666666667
2019-08-01,1.0315,-1.34,1.05394,1.069625,1.06762,1.0164433333333334
2019-08-02,1.0234,-0.79,1.04989,1.065535,1.0679833333333335,1.0181966666666666
2019-08-05,1.0017,-2.12,1.04367,1.06135,1.0670466666666667,1.0187866666666667
2019-08-06,1.0122,1.05,1.0402900000000002,1.05732,1.06647,1.019425
2019-08-07,1.0041,-0.8,1.03607,1.052745,1.06573,1.0200883333333333
2019-08-08,1.0234,1.92,1.03275,1.049725,1.0644433333333334,1.0201616666666669
2019-08-09,1.0095,-1.36,1.0280200000000002,1.0453100000000002,1.0625766666666667,1.01977
2019-08-12,1.0363,2.65,1.0249700000000002,1.042705,1.05999,1.02033
2019-08-13,1.034,-0.22,1.02216,1.0405650000000002,1.0571033333333333,1.0212583333333334
2019-08-14,1.0577,2.29,1.02338,1.0398900000000002,1.0557433333333337,1.0223933333333333
2019-08-15,1.0541,-0.34,1.02564,1.03979,1.0549633333333337,1.0236333333333334
2019-08-16,1.0709,1.59,1.03039,1.04014,1.0538200000000002,1.0257116666666666
2019-08-19,1.085,1.32,1.03872,1.041195,1.0538066666666668,1.0278216666666666
2019-08-20,1.0975,1.15,1.04725,1.04377,1.0539633333333334,1.030035
2019-08-21,1.0879,-0.87,1.05563,1.0458500000000002,1.0537066666666666,1.0319616666666669
2019-08-22,1.1091,1.95,1.0642,1.0484750000000005,1.05455,1.034165
2019-08-23,1.1102,0.1,1.07427,1.051145,1.0549633333333337,1.0364866666666666
2019-08-26,1.09,-1.82,1.07964,1.052305,1.0550166666666667,1.0386833333333334
2019-08-27,1.1114,1.96,1.08738,1.05477,1.05617,1.04137
2019-08-28,1.1148,0.31,1.09309,1.058235,1.0576233333333334,1.0445166666666668
2019-08-29,1.1244,0.86,1.10012,1.06288,1.0599,1.04783
2019-08-30,1.1445,1.79,1.10748,1.0689350000000002,1.0625866666666668,1.0516583333333334
2019-09-02,1.1494,0.43,1.1139199999999998,1.0763200000000002,1.0654366666666666,1.055281666666667
2019-09-03,1.1412,-0.71,1.11829,1.08277,1.06861,1.0579616666666667
2019-09-04,1.1272,-1.23,1.12222,1.088925,1.0713066666666669,1.0605883333333332
2019-09-05,1.1317,0.4,1.12448,1.09434,1.0738100000000002,1.0633533333333334
2019-09-06,1.1332,0.13,1.12678,1.100525,1.0763566666666666,1.0663233333333333
2019-09-09,1.1342,0.09,1.1312,1.10542,1.0786033333333334,1.069415
2019-09-10,1.1303,-0.34,1.13309,1.110235,1.080876666666667,1.0724383333333334
2019-09-11,1.0854,-3.97,1.13015,1.1116199999999998,1.0822066666666668,1.0744716666666667
2019-09-12,1.1038,1.7,1.1280899999999998,1.114105,1.0846166666666666,1.0761183333333333
2019-09-16,1.099,-0.43,1.1235399999999998,1.11551,1.0871366666666666,1.07756
2019-09-17,1.0978,-0.11,1.11838,1.11615,1.09034,1.0786933333333335
2019-09-18,1.1351,3.4,1.11777,1.11803,1.0944366666666667,1.0804533333333333
2019-09-19,1.1379,0.25,1.11884,1.12053,1.0988966666666669,1.0823133333333332
2019-09-20,1.1459,0.7,1.12026,1.12237,1.10298,1.0837116666666666
2019-09-23,1.1326,-1.16,1.1202,1.12349,1.1070833333333332,1.08483
2019-09-24,1.1543,1.92,1.1222100000000002,1.1267049999999998,1.1110166666666668,1.0855033333333333
2019-09-25,1.1503,-0.35,1.1242100000000002,1.12865,1.1148933333333335,1.0859983333333334
2019-09-26,1.1368,-1.17,1.12935,1.12975,1.11753,1.0866366666666667
2019-09-27,1.1323,-0.4,1.1322,1.130145,1.1201366666666668,1.08755
2019-09-30,1.1177,-1.29,1.13407,1.128805,1.1216966666666666,1.0877583333333334
2019-10-08,1.1316,1.24,1.13745,1.127915,1.12325,1.088528333333333
2019-10-09,1.1215,-0.89,1.1360899999999998,1.1269300000000002,1.12405,1.089006666666667
2019-10-10,1.1207,-0.07,1.13437,1.126605,1.1251433333333334,1.089425
2019-10-11,1.1243,0.32,1.1322100000000002,1.126235,1.12565,1.0901
2019-10-14,1.125,0.06,1.13145,1.125825,1.1261433333333335,1.0905533333333333
2019-10-15,1.1416,1.48,1.13018,1.1261949999999998,1.1278633333333334,1.09144
2019-10-16,1.1235,-1.59,1.1275,1.125855,1.1282666666666663,1.092218333333333
2019-10-17,1.1242,0.06,1.12624,1.127795,1.12858,1.0931016666666666
2019-10-18,1.1043,-1.77,1.12344,1.12782,1.1279100000000002,1.093905
2019-10-21,1.1074,0.28,1.12241,1.12824,1.1266733333333334,1.09463
2019-10-22,1.1108,0.31,1.12033,1.12889,1.1253866666666668,1.095411666666667
2019-10-23,1.0918,-1.71,1.11736,1.126725,1.12374,1.096175
2019-10-24,1.0746,-1.58,1.11275,1.12356,1.121986666666667,1.0966466666666668
2019-10-25,1.0929,1.7,1.10961,1.12091,1.120693333333333,1.0972516666666663
2019-10-28,1.1165,2.16,1.10876,1.120105,1.1201366666666666,1.0982466666666668
2019-10-29,1.1249,0.75,1.10709,1.118635,1.1198266666666667,1.099215
2019-10-30,1.117,-0.7,1.10644,1.11697,1.1193833333333332,1.10013
2019-10-31,1.117,0.0,1.10572,1.11598,1.1204366666666667,1.1013216666666668
2019-11-01,1.1328,1.41,1.1085699999999998,1.116005,1.1214033333333333,1.10301
2019-11-04,1.1427,0.87,1.1121,1.117255,1.12286,1.1049983333333333
2019-11-05,1.147,0.38,1.11572,1.118025,1.1245,1.10742
2019-11-06,1.138,-0.78,1.12034,1.11885,1.124596666666667,1.1095166666666667
2019-11-07,1.1467,0.76,1.12755,1.12015,1.1248900000000002,1.1118933333333336
2019-11-08,1.1529,0.54,1.13355,1.1215800000000002,1.1251233333333333,1.1140516666666664
2019-11-11,1.1414,-1.0,1.13604,1.1224,1.1254166666666667,1.11625
2019-11-12,1.1481,0.59,1.13836,1.1227250000000002,1.12521,1.1181133333333333
2019-11-13,1.1618,1.19,1.14284,1.12464,1.1255933333333334,1.1202433333333337
2019-11-14,1.1733,0.99,1.14847,1.127095,1.12681,1.12217
2019-11-15,1.1699,-0.29,1.15218,1.130375,1.1280633333333332,1.1241
2019-11-18,1.1737,0.32,1.15528,1.13369,1.12993,1.125813333333333
2019-11-19,1.1839,0.87,1.15897,1.137345,1.1316733333333333,1.1274616666666666
2019-11-20,1.1863,0.2,1.1638,1.14207,1.1338333333333332,1.1289416666666667
2019-11-21,1.1835,-0.24,1.16748,1.1475149999999998,1.1359266666666668,1.1305349999999998
2019-11-22,1.1538,-2.51,1.16757,1.15056,1.13691,1.13128
2019-11-25,1.1503,-0.3,1.16846,1.15225,1.1377533333333332,1.1319483333333331
2019-11-26,1.1605,0.89,1.1697,1.15403,1.1383833333333333,1.1331233333333337
2019-11-27,1.1632,0.23,1.16984,1.15634,1.1397066666666666,1.1339866666666667
2019-11-28,1.1605,-0.23,1.1685599999999998,1.158515,1.1409166666666666,1.1347483333333337
2019-11-29,1.1332,-2.35,1.16489,1.158535,1.14188,1.1348950000000002
2019-12-02,1.1312,-0.18,1.16064,1.15796,1.1426733333333334,1.1346733333333332
2019-12-03,1.1284,-0.25,1.15509,1.15703,1.1432600000000002,1.1343233333333334
2019-12-04,1.1343,0.52,1.14989,1.156845,1.1446766666666666,1.1342083333333333
2019-12-05,1.1353,0.09,1.14507,1.1562750000000002,1.1466999999999998,1.1343433333333333
2019-12-06,1.1589,2.08,1.1455800000000005,1.156575,1.1489,1.134796666666667
2019-12-09,1.1523,-0.57,1.14578,1.15712,1.1500933333333334,1.135115
2019-12-10,1.1521,-0.02,1.14494,1.15732,1.151,1.1354133333333332
2019-12-11,1.142,-0.88,1.14282,1.15633,1.1518333333333333,1.135608333333333
2019-12-12,1.1378,-0.37,1.14055,1.154555,1.1525266666666667,1.1364816666666668
2019-12-13,1.1586,1.83,1.14309,1.1539899999999998,1.1533866666666668,1.1373950000000002
2019-12-16,1.1494,-0.79,1.14491,1.152775,1.15361,1.138235
2019-12-17,1.1582,0.77,1.14789,1.15149,1.1539833333333331,1.1392416666666665
2019-12-18,1.163,0.41,1.15076,1.150325,1.1548166666666666,1.1397066666666666
2019-12-19,1.1539,-0.78,1.15262,1.148845,1.1550566666666666,1.1399733333333333
2019-12-20,1.1503,-0.31,1.15176,1.14867,1.15497,1.1400466666666669
2019-12-23,1.1392,-0.97,1.1504499999999998,1.1481150000000002,1.1548966666666665,1.1401566666666667
2019-12-24,1.1463,0.62,1.14987,1.147405,1.1548366666666667,1.1400233333333332
2019-12-25,1.133,-1.16,1.14897,1.145895,1.1538766666666664,1.1397349999999995
2019-12-26,1.1439,0.96,1.14958,1.145065,1.152896666666667,1.1398533333333334
2019-12-27,1.1531,0.8,1.1490300000000002,1.14606,1.1523366666666668,1.1402
2019-12-30,1.1907,3.26,1.1531600000000002,1.149035,1.1529033333333334,1.1414166666666667
2019-12-31,1.1912,0.04,1.15646,1.152175,1.1531466666666668,1.14241
2020-01-02,1.1822,-0.76,1.15838,1.15457,1.15301,1.1434216666666666
2020-01-03,1.1692,-1.1,1.15991,1.156265,1.1525333333333334,1.14423
2020-01-06,1.1606,-0.74,1.16094,1.15635,1.1527600000000002,1.144835
2020-01-07,1.1738,1.14,1.1644,1.157425,1.1535433333333336,1.1456483333333334
2020-01-08,1.1709,-0.25,1.1668600000000002,1.158365,1.15389,1.1461366666666666
2020-01-09,1.1954,2.09,1.1731,1.161035,1.1549633333333331,1.1473350000000002
2020-01-10,1.2228,2.29,1.18099,1.165285,1.1570399999999998,1.1489783333333332
2020-01-13,1.2371,1.17,1.1893900000000002,1.16921,1.1605033333333334,1.1511916666666666
2020-01-14,1.2181,-1.54,1.19213,1.172645,1.1634,1.1530366666666665
2020-01-15,1.2255,0.61,1.19556,1.17601,1.1666366666666663,1.1549483333333332
2020-01-16,1.2289,0.28,1.20023,1.1793049999999998,1.16979,1.1572333333333336
2020-01-17,1.233,0.33,1.20661,1.18326,1.1730466666666668,1.159873333333333
2020-01-20,1.2262,-0.55,1.21317,1.1870550000000002,1.17529,1.162095
2020-01-21,1.193,-2.71,1.2150900000000002,1.1897449999999998,1.1766466666666668,1.16337
2020-01-22,1.1976,0.39,1.21776,1.19231,1.1781633333333332,1.1645816666666666
2020-01-23,1.1551,-3.55,1.21373,1.193415,1.1786,1.1652166666666666
2020-02-03,1.0513,-8.99,1.1965800000000002,1.188785,1.1757166666666663,1.1641216666666665
2020-02-04,1.0465,-0.46,1.17752,1.183455,1.17198,1.1626833333333335
2020-02-05,1.0571,1.01,1.16142,1.176775,1.1689033333333332,1.1612566666666666
2020-02-06,1.0686,1.09,1.14573,1.170645,1.165916666666667,1.1599499999999998
2020-02-07,1.08,1.07,1.1308399999999998,1.165535,1.16315,1.1589833333333333
2020-02-10,1.0861,0.56,1.11615,1.16138,1.16089,1.1579733333333333
2020-02-11,1.1092,2.13,1.1044500000000002,1.15881,1.15952,1.157245
2020-02-12,1.1124,0.29,1.09639,1.1557400000000002,1.1586266666666667,1.156761666666667
2020-02-13,1.1029,-0.85,1.08692,1.15234,1.15718,1.1560083333333333
2020-02-14,1.0999,-0.27,1.0814,1.147565,1.1560766666666669,1.1549766666666668
2020-02-17,1.1114,1.05,1.0874099999999998,1.141995,1.154993333333333,1.153945
2020-02-18,1.1085,-0.26,1.09361,1.1355650000000002,1.1535066666666665,1.1529216666666668
2020-02-19,1.1224,1.25,1.10014,1.13078,1.1512300000000002,1.1520666666666666
2020-02-20,1.1609,3.43,1.1093700000000002,1.12755,1.15022,1.1516833333333334
2020-02-21,1.1563,-0.4,1.117,1.12392,1.1493566666666668,1.1511833333333332
2020-02-24,1.1381,-1.57,1.1222,1.119175,1.1483199999999998,1.1504266666666667
2020-02-25,1.1296,-0.75,1.12424,1.114345,1.1472866666666666,1.1500233333333334
2020-02-26,1.1163,-1.18,1.1246300000000002,1.11051,1.14537,1.1494566666666666
2020-02-27,1.1298,1.21,1.12732,1.10712,1.144,1.148945
2020-02-28,1.0827,-4.17,1.1256,1.1035,1.1402433333333335,1.1476033333333333
2020-03-02,1.1103,2.55,1.12549,1.1064500000000002,1.1364933333333336,1.1467666666666667
2020-03-03,1.1201,0.88,1.1266500000000002,1.11013,1.1325933333333331,1.146548333333333
2020-03-04,1.1301,0.89,1.12742,1.11378,1.12966,1.14653
2020-03-05,1.1866,5.0,1.1299899999999998,1.1196800000000002,1.1283633333333334,1.1475000000000002
2020-03-06,1.1624,-2.04,1.1305999999999998,1.1238,1.1261466666666666,1.1479683333333337
2020-03-09,1.1186,-3.77,1.12865,1.125425,1.1223333333333334,1.14769
2020-03-10,1.1496,2.77,1.13065,1.127445,1.11978,1.1475350000000002
2020-03-11,1.1459,-0.32,1.1336100000000002,1.12912,1.11821,1.1474283333333335
2020-03-12,1.1195,-2.3,1.13258,1.12995,1.1156066666666669,1.1468850000000002
2020-03-13,1.0993,-1.8,1.13424,1.1299199999999998,1.1137466666666669,1.1461733333333337
2020-03-16,1.0562,-3.92,1.12883,1.12716,1.1139100000000002,1.1448133333333332
2020-03-17,1.0348,-2.03,1.1203,1.123475,1.11352,1.14275
2020-03-18,1.0081,-2.58,1.1081,1.11776,1.1118866666666667,1.140395
2020-03-19,0.9754,-3.24,1.08698,1.108485,1.10878,1.1373483333333334
2020-03-20,1.0053,3.07,1.07127,1.1009350000000002,1.10629,1.13472
2020-03-23,0.9757,-2.94,1.05698,1.092815,1.10261,1.13175
2020-03-24,1.0184,4.38,1.04386,1.087255,1.0995833333333331,1.1295516666666667
2020-03-25,1.0484,2.95,1.03411,1.08386,1.0974499999999998,1.1280383333333333
2020-03-26,1.0503,0.18,1.02719,1.0798850000000002,1.0956966666666663,1.1264383333333334
2020-03-27,1.0734,2.2,1.0246,1.07942,1.0948133333333334,1.125445
2020-03-30,1.0593,-1.31,1.02491,1.07687,1.0930766666666665,1.124035
2020-03-31,1.0756,1.54,1.0289899999999998,1.074645,1.09198,1.1227433333333332
2020-04-01,1.0668,-0.82,1.03486,1.07148,1.090126666666667,1.1206783333333334
2020-04-02,1.0787,1.12,1.04519,1.066085,1.0873866666666667,1.1188033333333331
2020-04-03,1.0748,-0.36,1.05214,1.061705,1.08467,1.1170133333333332
2020-04-07,1.1024,2.57,1.06481,1.060895,1.08348,1.1159
2020-04-08,1.0994,-0.27,1.0729099999999998,1.058385,1.0824733333333332,1.11488
2020-04-09,1.1107,1.03,1.07914,1.056625,1.0822866666666668,1.1138283333333332
2020-04-10,1.121,0.93,1.08621,1.0567,1.0819933333333334,1.1129966666666669
2020-04-13,1.1202,-0.07,1.09089,1.0577450000000002,1.0832433333333331,1.1117433333333333
2020-04-14,1.1336,1.2,1.09832,1.0616150000000002,1.08402,1.110256666666667
2020-04-15,1.1276,-0.53,1.10352,1.066255,1.08427,1.1084316666666667
2020-04-16,1.1187,-0.79,1.10871,1.071785,1.08389,1.106775
2020-04-17,1.1307,1.07,1.1139100000000002,1.07955,1.0820266666666667,1.105195
2020-04-20,1.1419,0.99,1.1206200000000002,1.08638,1.081343333333333,1.103745
2020-04-21,1.1174,-2.15,1.12212,1.093465,1.0813033333333333,1.1018183333333331
2020-04-22,1.1487,2.8,1.12705,1.09998,1.0812733333333333,1.1005266666666669
2020-04-23,1.1511,0.21,1.13109,1.105115,1.081446666666667,1.0998283333333334
2020-04-24,1.1701,1.65,1.136,1.1111049999999998,1.0831333333333333,1.0993700000000002
2020-04-27,1.1599,-0.87,1.13997,1.11543,1.0851533333333334,1.09945
2020-04-28,1.19,2.6,1.14561,1.121965,1.089613333333333,1.1017616666666668
2020-04-29,1.1765,-1.13,1.1505,1.1270099999999998,1.0943366666666667,1.1039283333333332
2020-04-30,1.1834,0.59,1.15697,1.13284,1.1001800000000002,1.1060333333333334
2020-05-06,1.1961,1.07,1.16351,1.13871,1.1075366666666668,1.1081583333333334
2020-05-07,1.2107,1.22,1.1703899999999998,1.145505,1.1143833333333333,1.1103366666666663
2020-05-08,1.2237,1.07,1.18102,1.15157,1.12265,1.11263
2020-05-11,1.229,0.43,1.18905,1.15805,1.12967,1.1146266666666669
2020-05-12,1.2347,0.46,1.19741,1.16425,1.13588,1.1166650000000002
2020-05-13,1.2714,2.97,1.20754,1.17177,1.14325,1.119473333333333
2020-05-14,1.2729,0.12,1.21884,1.179405,1.1499,1.1223566666666664
2020-05-15,1.2579,-1.18,1.2256300000000002,1.18562,1.15652,1.1247983333333336
2020-05-18,1.2907,2.61,1.23705,1.193775,1.16369,1.127835
2020-05-19,1.301,0.8,1.2488100000000002,1.20289,1.1714966666666666,1.1308116666666663
2020-05-20,1.2893,-0.9,1.25813,1.21082,1.1785166666666669,1.1329516666666668
2020-05-21,1.2991,0.76,1.2669700000000002,1.21868,1.1859933333333332,1.1353316666666666
2020-05-22,1.2581,-3.16,1.2704099999999998,1.225715,1.1911833333333337,1.1373316666666669
2020-05-25,1.2828,1.96,1.27579,1.23242,1.1972966666666665,1.1398849999999998
2020-05-26,1.3,1.34,1.28232,1.239865,1.2036066666666667,1.1429466666666668
2020-05-27,1.2929,-0.55,1.28447,1.246005,1.2093366666666665,1.145665
2020-05-28,1.3067,1.07,1.2878500000000002,1.253345,1.2155533333333333,1.1493983333333333
2020-05-29,1.3279,1.62,1.2948499999999998,1.26024,1.22203,1.153025
2020-06-01,1.3602,2.43,1.3018,1.269425,1.2297833333333337,1.1570266666666669
2020-06-02,1.3365,-1.74,1.30535,1.27708,1.2370433333333333,1.1604666666666663
2020-06-03,1.3328,-0.28,1.3097,1.283915,1.24378,1.1629033333333332
2020-06-04,1.3707,2.84,1.31686,1.291915,1.2514066666666668,1.166375
2020-06-05,1.384,0.97,1.32945,1.29993,1.2602933333333337,1.1707983333333334
2020-06-08,1.3868,0.2,1.33985,1.30782,1.26823,1.1747516666666666
2020-06-09,1.3991,0.89,1.34976,1.31604,1.2764966666666666,1.1789716666666663
2020-06-10,1.4066,0.54,1.36113,1.3228,1.28438,1.1837566666666666
2020-06-11,1.3803,-1.87,1.36849,1.32817,1.2917266666666667,1.18844
2020-06-12,1.3871,0.49,1.37441,1.33463,1.2982966666666669,1.193955
2020-06-15,1.3564,-2.21,1.37403,1.337915,1.3042933333333333,1.199315
2020-06-16,1.3854,2.14,1.37892,1.342135,1.3110266666666666,1.2056033333333334
2020-06-17,1.3692,-1.17,1.38256,1.34613,1.3167966666666664,1.2121666666666664
2020-06-18,1.3712,0.15,1.38261,1.349735,1.3221466666666666,1.218265
2020-06-19,1.4113,2.92,1.38534,1.357395,1.3284,1.2255250000000002
2020-06-22,1.4073,-0.28,1.38739,1.3636199999999998,1.3343433333333334,1.2320066666666667
2020-06-23,1.4575,3.57,1.39323,1.371495,1.34177,1.2388249999999998
2020-06-24,1.453,-0.31,1.39787,1.3795,1.3478233333333334,1.2455366666666663
2020-06-29,1.4627,0.67,1.40611,1.3873,1.35415,1.252025
2020-06-30,1.4995,2.52,1.41735,1.39588,1.3622033333333332,1.2593616666666665
2020-07-01,1.579,5.3,1.43961,1.4068200000000002,1.371813333333333,1.2677516666666666
2020-07-02,1.6115,2.06,1.46222,1.42057,1.3821633333333334,1.27683
2020-07-03,1.5878,-1.47,1.48408,1.43332,1.392113333333333,1.285315
2020-07-06,1.6235,2.25,1.50931,1.44596,1.4029266666666669,1.2944600000000002
2020-07-07,1.6732,3.06,1.5355,1.46042,1.4167633333333332,1.3039733333333332
2020-07-08,1.6746,0.08,1.56223,1.4748100000000002,1.4298233333333334,1.3135599999999998
2020-07-09,1.6996,1.49,1.58644,1.489835,1.4431433333333332,1.323375
2020-07-10,1.7254,1.52,1.61368,1.505775,1.4575600000000002,1.3334483333333331
2020-07-13,1.8047,4.6,1.64788,1.526995,1.47416,1.3448566666666666
2020-07-14,1.8129,0.45,1.6792200000000002,1.548285,1.4903266666666668,1.3561783333333333
2020-07-15,1.8566,2.41,1.7069800000000002,1.573295,1.5068733333333333,1.3683283333333334
2020-07-16,1.6824,-9.38,1.71407,1.588145,1.518403333333333,1.3777233333333332
2020-07-17,1.6882,0.34,1.72411,1.6040949999999998,1.53025,1.387015
2020-07-20,1.6709,-1.02,1.72885,1.61908,1.5402566666666666,1.3958316666666666
2020-07-21,1.7113,2.42,1.73266,1.6340800000000002,1.5511666666666666,1.40573
2020-07-22,1.7394,1.64,1.73914,1.650685,1.56292,1.415575
2020-07-23,1.7455,0.35,1.74373,1.665085,1.574466666666667,1.4254816666666668
2020-07-24,1.6583,-5.0,1.73702,1.67535,1.5828566666666668,1.4336183333333332
2020-07-27,1.6725,0.86,1.7238,1.68584,1.5925966666666664,1.4421616666666668
2020-07-28,1.7183,2.74,1.71434,1.69678,1.6036366666666666,1.4509666666666667
2020-07-29,1.7323,0.81,1.7019100000000005,1.7044450000000002,1.6161666666666668,1.46023
2020-07-30,1.7429,0.61,1.70796,1.7110150000000002,1.628083333333333,1.469555
2020-07-31,1.7429,0.0,1.71343,1.71877,1.64054,1.478668333333333
2020-08-03,1.7508,0.45,1.7214200000000002,1.7251350000000003,1.6531933333333335,1.4876700000000005
2020-08-04,1.7407,-0.58,1.72436,1.72851,1.6641733333333333,1.4962866666666663
2020-08-05,1.7459,0.3,1.72501,1.732075,1.67546,1.5049016666666666
2020-08-06,1.7006,-2.59,1.7205199999999998,1.732125,1.6835633333333333,1.5126666666666666
2020-08-07,1.678,-1.33,1.72249,1.7297549999999997,1.6910633333333331,1.519443333333333
2020-08-10,1.6806,0.15,1.7233,1.72355,1.6983266666666668,1.5262383333333334
2020-08-11,1.6911,0.62,1.72058,1.7174600000000002,1.7047133333333335,1.5334583333333331
2020-08-12,1.6585,-1.93,1.7132,1.707555,1.7073633333333331,1.5395883333333331
2020-08-13,1.6715,0.78,1.70606,1.70701,1.7093633333333331,1.5457633333333334
2020-08-14,1.7259,3.25,1.70436,1.708895,1.7139666666666669,1.55304
2020-08-17,1.7684,2.46,1.70612,1.7137700000000002,1.7187966666666668,1.5608616666666668
2020-08-18,1.7914,1.3,1.7111900000000002,1.717775,1.7227366666666666,1.56975
2020-08-19,1.7925,0.06,1.71585,1.72043,1.7266666666666668,1.578245
2020-08-20,1.751,-2.32,1.72089,1.720705,1.72838,1.5857616666666663
2020-08-21,1.7839,1.88,1.73148,1.7269850000000002,1.73033,1.5939450000000002
2020-08-24,1.8251,2.31,1.7459300000000002,1.7346150000000002,1.7310100000000002,1.602585
2020-08-25,1.8859,3.33,1.76541,1.742995,1.7334433333333334,1.611885
2020-08-26,1.8833,-0.14,1.7878900000000002,1.750545,1.7343333333333333,1.6206033333333332
2020-08-27,1.9125,1.55,1.81199,1.759025,1.7420033333333331,1.6302033333333332
2020-08-28,1.9864,3.86,1.83804,1.7712,1.7519433333333332,1.6410966666666666
2020-08-31,1.9954,0.45,1.86074,1.7834299999999998,1.76276,1.6515083333333334
2020-09-01,1.9737,-1.09,1.87897,1.79508,1.7715066666666668,1.661336666666667
2020-09-02,1.9558,-0.91,1.8953,1.805575,1.77872,1.6708199999999995
2020-09-03,1.9896,1.73,1.91916,1.820025,1.7868566666666663,1.6806616666666667
2020-09-04,1.9423,-2.38,1.935,1.83324,1.7963233333333333,1.68959
2020-09-07,1.8973,-2.32,1.94222,1.844075,1.8038166666666664,1.6982066666666666
2020-09-08,1.8522,-2.38,1.93885,1.85213,1.80828,1.7059583333333337
2020-09-09,1.81,-2.28,1.93152,1.859705,1.81087,1.7135183333333333
2020-09-10,1.8355,1.41,1.92382,1.867905,1.8139566666666669,1.72102
2020-09-11,1.8905,3.0,1.9142300000000003,1.876135,1.818876666666667,1.7297083333333336
2020-09-14,1.9174,1.42,1.9064300000000003,1.883585,1.82443,1.7388116666666666
2020-09-15,1.9177,0.02,1.90083,1.8899,1.83033,1.7472516666666666
2020-09-16,1.8894,-1.48,1.89419,1.894745,1.8351133333333332,1.7552866666666669
2020-09-17,1.8434,-2.43,1.87957,1.899365,1.8398733333333328,1.7617183333333335
2020-09-18,1.868,1.33,1.8721400000000004,1.90357,1.8462066666666668,1.768635
2020-09-21,1.8406,-1.47,1.86647,1.904345,1.85154,1.7749333333333337
2020-09-22,1.8269,-0.74,1.86394,1.901395,1.8560666666666668,1.78039
2020-09-23,1.8216,-0.29,1.8651000000000004,1.89831,1.8615033333333333,1.784433333333333
2020-09-24,1.7896,-1.76,1.86051,1.892165,1.86544,1.7874016666666668
2020-09-25,1.7946,0.28,1.85092,1.8825750000000003,1.86773,1.7908483333333334
2020-09-28,1.8122,0.98,1.8404,1.873415,1.86919,1.793993333333333
2020-09-29,1.8111,-0.06,1.82974,1.865285,1.8698466666666669,1.7962916666666666
2020-09-30,1.8246,0.75,1.82326,1.858725,1.8709166666666663,1.7987916666666668
2020-10-09,1.8463,1.19,1.82355,1.85156,1.8740933333333332,1.8012366666666668
2020-10-12,1.9326,4.67,1.83001,1.851075,1.87905,1.80469
2020-10-13,1.9584,1.33,1.84179,1.85413,1.8834933333333328,1.8072516666666665
2020-10-14,1.9512,-0.37,1.85422,1.85908,1.88567,1.8095566666666665
2020-10-15,1.952,0.04,1.86726,1.8661800000000004,1.88796,1.811146666666667
2020-10-16,1.9286,-1.2,1.88116,1.870835,1.8884966666666665,1.81525
2020-10-19,1.9082,-1.06,1.89252,1.87172,1.88589,1.8189166666666667
2020-10-20,1.9678,3.12,1.90808,1.87424,1.88497,1.823865
2020-10-21,1.972,0.21,1.92417,1.876955,1.8849133333333328,1.82821
2020-10-22,2.0023,1.54,1.94194,1.8826,1.8864633333333336,1.8325916666666664
2020-10-23,1.964,-1.91,1.95371,1.8886300000000005,1.88561,1.8362333333333327
2020-10-26,1.9404,-1.2,1.95449,1.89225,1.8855466666666667,1.840935
2020-10-27,1.9625,1.14,1.9549,1.898345,1.88772,1.8457683333333328
2020-10-28,2.0292,3.4,1.9627000000000003,1.9084600000000005,1.89362,1.85095
2020-10-29,2.0814,2.57,1.97564,1.92145,1.902666666666667,1.8567683333333336
2020-10-30,2.0148,-3.2,1.98426,1.93271,1.9086433333333332,1.8613
2020-11-02,2.0425,1.37,1.99769,1.945105,1.91371,1.8662933333333336
2020-11-03,2.0617,0.94,2.00708,1.95758,1.91852,1.871475
2020-11-04,2.0722,0.51,2.0171,1.970635,1.92367,1.877
2020-11-05,2.1191,2.26,2.02878,1.98536,1.9313266666666664,1.88322
2020-11-06,2.1008,-0.86,2.04246,1.998085,1.939906666666667,1.88989
2020-11-09,2.1334,1.55,2.06176,2.008125,1.9487533333333331,1.8974800000000005
2020-11-10,2.1863,2.48,2.08414,2.01952,1.9602766666666664,1.905908333333333
2020-11-11,2.1925,0.28,2.10047,2.031585,1.9724633333333328,1.914265
2020-11-12,2.2462,2.45,2.11695,2.046295,1.9866166666666667,1.92406
2020-11-13,2.1585,-3.9,2.13132,2.05779,1.998913333333333,1.9321766666666669
2020-11-16,2.2423,3.88,2.1513,2.074495,2.0138366666666667,1.940783333333333
2020-11-17,2.2103,-1.43,2.16616,2.08662,2.0271066666666666,1.9481483333333327
2020-11-18,2.174,-1.64,2.17634,2.0967200000000004,2.039203333333333,1.954525
2020-11-19,2.1968,1.05,2.18411,2.106445,2.05161,1.9612633333333331
2020-11-20,2.2441,2.15,2.19844,2.12045,2.06487,1.9694816666666668
2020-11-23,2.271,1.2,2.2122,2.1369800000000003,2.07615,1.9776
2020-11-24,2.2799,0.39,2.22156,2.15285,2.086866666666667,1.98518
2020-11-25,2.1909,-3.9,2.2214,2.160935,2.094856666666667,1.9902633333333333
2020-11-26,2.2024,0.52,2.21702,2.166985,2.103203333333333,1.9955816666666664
2020-11-27,2.2125,0.46,2.22242,2.17687,2.1126666666666667,2.0005816666666667
2020-11-30,2.1549,-2.6,2.21368,2.18249,2.12089,2.00339
2020-12-01,2.1715,0.77,2.2098,2.18798,2.12768,2.006325
2020-12-02,2.1657,-0.27,2.20897,2.192655,2.134136666666667,2.009525
2020-12-03,2.189,1.08,2.20819,2.1961500000000003,2.14036,2.013411666666667
2020-12-04,2.2709,3.74,2.2108700000000003,2.204655,2.15059,2.0181
2020-12-07,2.2808,0.44,2.21185,2.212025,2.161936666666667,2.023741666666667
2020-12-08,2.3164,1.56,2.2155,2.2185300000000003,2.1737333333333333,2.030726666666667
2020-12-09,2.3161,-0.01,2.22802,2.22471,2.1832966666666667,2.0384583333333333
2020-12-10,2.338,0.95,2.24158,2.2293,2.19185,2.0472583333333336
2020-12-11,2.3535,0.66,2.2556800000000004,2.23905,2.20314,2.0558916666666667
2020-12-14,2.4177,2.73,2.28196,2.24782,2.2156466666666668,2.064678333333333
2020-12-15,2.4052,-0.52,2.30533,2.257565,2.2270966666666667,2.0728083333333336
2020-12-16,2.4612,2.33,2.33488,2.271925,2.240063333333333,2.0818666666666665
2020-12-17,2.5097,1.97,2.36695,2.28757,2.253083333333333,2.0922050000000003
2020-12-18,2.5117,0.08,2.39103,2.30095,2.26678,2.103343333333333
2020-12-21,2.5278,0.64,2.41573,2.31379,2.279926666666667,2.11434
2020-12-22,2.5775,1.97,2.44184,2.32867,2.2929666666666666,2.1266216666666664
2020-12-23,2.5608,-0.65,2.46631,2.347165,2.305243333333333,2.138853333333333
2020-12-24,2.4997,-2.39,2.48248,2.36203,2.3136933333333336,2.150155
2020-12-25,2.4933,-0.26,2.49646,2.37607,2.324853333333333,2.1618833333333334
2020-12-28,2.6057,4.51,2.51526,2.39861,2.336966666666667,2.1754016666666667
2020-12-29,2.5775,-1.08,2.53249,2.41891,2.349206666666667,2.1881566666666665
2020-12-30,2.6391,2.39,2.55028,2.44258,2.3647100000000005,2.201956666666667
2020-12-31,2.684,1.7,2.5677100000000004,2.46733,2.38095,2.21628
2021-01-04,2.7796,3.56,2.5945,2.492765,2.3988000000000005,2.231835
2021-01-05,2.9203,5.06,2.63375,2.5247400000000004,2.420443333333333,2.248296666666667
2021-01-06,2.9258,0.19,2.66858,2.55521,2.441973333333333,2.26442
2021-01-07,2.9559,1.03,2.70809,2.5872,2.467473333333333,2.281165
2021-01-08,2.8717,-2.85,2.74529,2.613885,2.489783333333333,2.2964933333333333
2021-01-11,2.7759,-3.34,2.77355,2.635005,2.508563333333333,2.310615
2021-01-12,2.862,3.1,2.79918,2.65722,2.5321333333333333,2.326511666666667
2021-01-13,2.8273,-1.21,2.82416,2.678325,2.553993333333333,2.3408366666666667
2021-01-14,2.7282,-3.51,2.83307,2.691675,2.5727433333333334,2.35344
2021-01-15,2.6502,-2.86,2.8296900000000003,2.6987,2.5881166666666666,2.364238333333333
2021-01-18,2.6129,-1.41,2.8130200000000003,2.70376,2.5995166666666667,2.375053333333333
2021-01-19,2.5688,-1.69,2.77787,2.7058100000000005,2.6091166666666665,2.3855266666666664
2021-01-20,2.5947,1.01,2.7447600000000003,2.70667,2.618393333333333,2.396063333333333
2021-01-21,2.6643,2.68,2.7156,2.7118450000000003,2.6300000000000003,2.406648333333334
2021-01-22,2.6537,-0.4,2.6938,2.719545,2.6405233333333333,2.416186666666667
2021-01-25,2.8095,5.87,2.69716,2.735355,2.655723333333333,2.4294316666666664
2021-01-26,2.7459,-2.26,2.68555,2.7423650000000004,2.666663333333333,2.441155
2021-01-27,2.6672,-2.87,2.66954,2.74685,2.675396666666667,2.451246666666667
2021-01-28,2.6279,-1.47,2.65951,2.74629,2.680953333333333,2.4605083333333337
2021-01-29,2.6733,1.73,2.66182,2.745755,2.686406666666667,2.469745
2021-02-01,2.6681,-0.19,2.66734,2.74018,2.69162,2.4792
2021-02-02,2.7822,4.28,2.68868,2.733275,2.7001,2.490013333333333
2021-02-03,2.7899,0.28,2.7082,2.72648,2.70718,2.5000733333333334
2021-02-04,2.8089,0.68,2.72266,2.7191300000000003,2.71545,2.5103466666666665
2021-02-05,2.8375,1.02,2.74104,2.71742,2.72671,2.520201666666667
2021-02-08,2.8404,0.1,2.74413,2.720645,2.7382800000000005,2.531566666666667
2021-02-09,2.9127,2.55,2.76081,2.72318,2.7485133333333334,2.54274
2021-02-10,3.0423,4.45,2.79832,2.73393,2.764006666666667,2.5566066666666667
2021-02-18,2.9292,-3.72,2.82845,2.74398,2.7736766666666663,2.569193333333333
2021-02-19,2.9236,-0.19,2.85348,2.75765,2.7816633333333334,2.581306666666667
2021-02-22,2.6977,-7.73,2.85644,2.76189,2.7789333333333333,2.588866666666667
2021-02-23,2.6995,0.07,2.84817,2.768425,2.771573333333333,2.5960083333333333
2021-02-24,2.5482,-5.6,2.8240000000000003,2.7661,2.7589866666666665,2.60048
2021-02-25,2.5008,-1.86,2.79319,2.757925,2.7438166666666666,2.605645
2021-02-26,2.4341,-2.67,2.75285,2.746945,2.72923,2.6095066666666664
2021-03-01,2.4469,0.53,2.7135,2.728815,2.7182633333333333,2.6134133333333334
2021-03-02,2.3802,-2.73,2.66025,2.7105299999999994,2.702203333333333,2.6171683333333333
2021-03-03,2.4352,2.31,2.59954,2.69893,2.6891333333333334,2.621563333333333
2021-03-04,2.3135,-5.0,2.53797,2.68321,2.67531,2.6240266666666665
2021-03-05,2.3394,1.12,2.47955,2.666515,2.66495,2.626533333333333
2021-03-08,2.179,-6.86,2.42768,2.64206,2.6504866666666667,2.625001666666667
2021-03-09,2.1167,-2.86,2.3694,2.608785,2.6354166666666665,2.622266666666667
2021-03-10,2.1835,3.16,2.33293,2.578465,2.62171,2.620051666666667
2021-03-11,2.2657,3.76,2.3094200000000003,2.551305,2.608423333333333,2.6192116666666663
2021-03-12,2.2637,-0.09,2.29238,2.522615,2.595423333333333,2.617973333333333
2021-03-15,2.161,-4.54,2.26379,2.488645,2.5738066666666666,2.614765
2021-03-16,2.2179,2.63,2.24756,2.453905,2.5562066666666667,2.611435
2021-03-17,2.2505,1.47,2.22909,2.414315,2.5423166666666663,2.6088566666666666
2021-03-18,2.3209,3.13,2.22983,2.3839,2.532083333333333,2.6065183333333333
2021-03-19,2.2605,-2.6,2.22194,2.3507450000000003,2.518323333333333,2.602365
2021-03-22,2.266,0.24,2.23064,2.32916,2.5049200000000003,2.59827
2021-03-23,2.2888,1.01,2.24785,2.308625,2.4884733333333333,2.594286666666666
2021-03-24,2.2898,0.04,2.25848,2.295705,2.4718033333333334,2.589491666666667
2021-03-25,2.2732,-0.72,2.25923,2.284325,2.453946666666667,2.5846983333333333
2021-03-26,2.3528,3.5,2.26814,2.28026,2.43779,2.58225
2021-03-29,2.404,2.18,2.29244,2.278115,2.423243333333333,2.580761666666667
2021-03-30,2.4139,0.41,2.31204,2.2798000000000003,2.4066166666666664,2.577565
2021-03-31,2.3776,-1.5,2.32475,2.27692,2.38446,2.5742333333333334
2021-04-01,2.4342,2.38,2.33608,2.2829550000000003,2.3679600000000005,2.570818333333333
2021-04-02,2.5427,4.46,2.3643,2.29312,2.3552633333333333,2.5684633333333333
2021-04-06,2.509,-1.33,2.3886000000000003,2.30962,2.3489733333333334,2.563953333333333
2021-04-07,2.4077,-4.04,2.40049,2.32417,2.3392466666666665,2.55541
2021-04-08,2.4541,1.93,2.41692,2.3377,2.33611,2.5475483333333333
2021-04-09,2.3896,-2.63,2.42856,2.343895,2.3324033333333336,2.53811
2021-04-12,2.3814,-0.34,2.43142,2.34978,2.330646666666667,2.529938333333333
2021-04-13,2.4127,1.31,2.43229,2.362365,2.329506666666667,2.523885
2021-04-14,2.4475,1.44,2.43565,2.373845,2.33175,2.516976666666667
2021-04-15,2.4292,-0.75,2.44081,2.38278,2.33155,2.5103416666666667
2021-04-16,2.4876,2.4,2.4461500000000003,2.391115,2.3373533333333336,2.506331666666666
2021-04-19,2.5177,1.21,2.44365,2.403975,2.343296666666667,2.5041233333333333
2021-04-20,2.5507,1.31,2.44782,2.41821,2.3556866666666667,2.503086666666667
2021-04-21,2.609,2.29,2.46795,2.43422,2.3720966666666663,2.503756666666667
2021-04-22,2.6062,-0.11,2.4831600000000003,2.45004,2.3861866666666667,2.5039483333333337
2021-04-23,2.6375,1.2,2.50795,2.468255,2.3985800000000004,2.5035016666666667
2021-04-26,2.5928,-1.69,2.52909,2.480255,2.4095500000000003,2.502486666666667
2021-04-27,2.6288,1.39,2.5507,2.491495,2.425143333333333,2.499475
2021-04-28,2.6901,2.33,2.57496,2.505305,2.4408833333333333,2.498545
2021-04-29,2.6907,0.02,2.60111,2.52096,2.455556666666667,2.4989366666666664
2021-04-30,2.6662,-0.91,2.61897,2.53256,2.4670666666666667,2.499575
2021-05-06,2.5844,-3.07,2.62564,2.534645,2.477863333333333,2.4980933333333337
2021-05-07,2.5433,-1.59,2.6249,2.53636,2.4871066666666666,2.496013333333333
2021-05-10,2.5042,-1.54,2.61442,2.541185,2.4942866666666665,2.49138
2021-05-11,2.5909,3.46,2.61289,2.548025,2.504323333333333,2.4880633333333333
2021-05-12,2.6316,1.57,2.6123000000000003,2.560125,2.51627,2.4851083333333333
2021-05-13,2.6462,0.55,2.61764,2.573365,2.52605,2.48192
2021-05-14,1.348,1.88,2.48956,2.52013,2.49085,2.4570466666666664
2021-05-17,1.3741,1.94,2.35796,2.46646,2.45619,2.4314033333333334
2021-05-18,1.3806,0.47,2.22695,2.41403,2.4229566666666664,2.4037083333333333
2021-05-19,1.3661,-1.05,2.09694,2.357955,2.387353333333333,2.3776566666666668
2021-05-20,1.396,2.19,1.9781,2.30187,2.34913,2.352196666666667
2021-05-21,1.3973,0.09,1.8635,2.2442,2.312073333333333,2.330523333333333
2021-05-24,1.4338,2.61,1.75646,2.1854400000000003,2.27961,2.3094283333333334
2021-05-25,1.4801,3.23,1.64538,2.129135,2.2471433333333333,2.2916266666666667
2021-05-26,1.4661,-0.95,1.52883,2.070565,2.21636,2.274381666666667
2021-05-27,1.4755,0.64,1.41176,2.0147000000000004,2.186163333333333,2.258405
2021-05-28,1.476,0.03,1.42456,1.95706,2.1549400000000003,2.242223333333333
2021-05-31,1.4812,0.35,1.43527,1.896615,2.12273,2.22724
2021-06-01,1.4926,0.77,1.44647,1.83671,2.09151,2.21153
2021-06-02,1.4738,-1.26,1.45724,1.77709,2.057716666666667,2.197535
2021-06-03,1.4913,1.19,1.46677,1.7224350000000002,2.023503333333333,2.1834
2021-06-04,1.5202,1.94,1.47906,1.67128,1.989153333333333,2.17242
2021-06-07,1.5509,2.02,1.49077,1.6236150000000005,1.9538833333333332,2.16299
2021-06-08,1.4521,-6.37,1.48797,1.566675,1.9154133333333332,2.1508
2021-06-09,1.4505,-0.11,1.4864099999999998,1.50762,1.8758466666666669,2.1372133333333334
2021-06-10,1.4698,1.33,1.48584,1.4488,1.8384133333333328,2.1239816666666664
2021-06-11,1.4304,-2.68,1.48128,1.4529200000000002,1.7984666666666669,2.111805
2021-06-15,1.4326,0.15,1.47642,1.4558449999999998,1.75655,2.098716666666667
2021-06-16,1.4098,-1.59,1.4681399999999998,1.457305,1.7138533333333337,2.084705
2021-06-17,1.4456,2.54,1.46532,1.46128,1.6731666666666667,2.0701166666666664
2021-06-18,1.4282,-1.2,1.45901,1.46289,1.634626666666667,2.056245
2021-06-21,1.4167,-0.81,1.4486599999999998,1.46386,1.5970733333333331,2.04209
2021-06-22,1.4273,0.75,1.4363,1.4635349999999998,1.5611766666666669,2.0277316666666665
2021-06-23,1.3819,-3.18,1.42928,1.458625,1.5208766666666669,2.0126
2021-06-24,1.3868,0.35,1.42291,1.45466,1.4793833333333335,1.9978266666666669
2021-06-25,1.4178,2.24,1.41771,1.451775,1.4384366666666668,1.9822433333333331
2021-06-28,1.4323,1.02,1.4179,1.4495900000000002,1.4412466666666668,1.9660483333333332
2021-06-29,1.4078,-1.71,1.41542,1.44592,1.4423700000000002,1.94928
2021-06-30,1.4227,1.06,1.41671,1.442425,1.4437733333333334,1.933365
2021-07-01,1.4339,0.79,1.41554,1.44043,1.4460333333333333,1.9166933333333331
2021-07-02,1.3779,-3.91,1.41051,1.43476,1.4454299999999998,1.89728
2021-07-05,1.3863,0.61,1.40747,1.428065,1.4450633333333331,1.8785683333333332
2021-07-06,1.3792,-0.51,1.40266,1.41948,1.4432433333333334,1.8614266666666663
2021-07-07,1.4003,1.53,1.4045,1.41689,1.440583333333333,1.8438633333333332
2021-07-08,1.3694,-2.21,1.40276,1.4128349999999998,1.4373600000000002,1.82686
2021-07-09,1.327,-3.1,1.39368,1.405695,1.43241,1.8092866666666665
2021-07-12,1.3367,0.73,1.38412,1.40101,1.4277666666666666,1.7913533333333334
2021-07-13,1.3701,2.5,1.38035,1.397885,1.4240633333333332,1.7733966666666667
2021-07-14,1.3764,0.46,1.37572,1.3962150000000002,1.42019,1.75585
2021-07-15,1.4156,2.85,1.3738899999999998,1.394715,1.41825,1.7379833333333332
2021-07-16,1.3956,-1.41,1.37566,1.393085,1.41506,1.7192816666666668
2021-07-19,1.4075,0.85,1.37778,1.392625,1.4113033333333331,1.7002283333333332
2021-07-20,1.4127,0.37,1.38113,1.391895,1.4066966666666665,1.68029
2021-07-21,1.414,0.09,1.3824999999999998,1.3935,1.4054266666666666,1.66042
2021-07-22,1.3875,-1.87,1.38431,1.393535,1.4033266666666668,1.6395866666666667
2021-07-23,1.351,-2.63,1.38671,1.390195,1.3993666666666666,1.6188900000000002
2021-07-26,1.2528,-7.27,1.37832,1.38122,1.3934466666666667,1.5959566666666667
2021-07-27,1.1984,-4.34,1.36115,1.37075,1.38564,1.571095
2021-07-28,1.2131,1.23,1.34482,1.36027,1.3790833333333332,1.5464683333333331
2021-07-29,1.1992,-1.15,1.32318,1.348535,1.37087,1.5220183333333333
2021-07-30,1.1243,-6.25,1.29605,1.335855,1.36074,1.4976833333333337
2021-08-02,1.1867,5.55,1.2739699999999998,1.325875,1.3530733333333336,1.4750733333333337
2021-08-03,1.1984,0.99,1.2525400000000002,1.316835,1.345443333333333,1.45331
2021-08-04,1.1804,-1.5,1.22918,1.30584,1.3387266666666666,1.4298016666666666
2021-08-05,1.166,-1.22,1.20703,1.29567,1.3313666666666666,1.4053749999999998
2021-08-06,1.1587,-0.63,1.1878,1.287255,1.32273,1.3805833333333335
2021-08-09,1.1828,2.08,1.1808,1.27956,1.3144133333333334,1.37783
2021-08-10,1.2578,6.34,1.18674,1.273945,1.309413333333333,1.3758916666666667
2021-08-11,1.2336,-1.92,1.18879,1.266805,1.30311,1.373441666666667
2021-08-12,1.2125,-1.71,1.19012,1.25665,1.2957299999999998,1.3708816666666666
2021-08-13,1.2196,0.59,1.19965,1.24785,1.2904533333333332,1.3679416666666666
2021-08-16,1.224,0.36,1.20338,1.238675,1.2850433333333335,1.3650533333333332
2021-08-17,1.1679,-4.58,1.20033,1.226435,1.2779999999999998,1.3606216666666666
2021-08-18,1.1808,1.1,1.20037,1.214775,1.2706833333333334,1.3556333333333337
2021-08-19,1.1588,-1.86,1.19965,1.20334,1.2636633333333334,1.3505116666666668
2021-08-20,1.085,-6.37,1.19228,1.19004,1.2555966666666667,1.3440033333333332
2021-08-23,1.1015,1.52,1.18415,1.1824750000000002,1.2477566666666666,1.3377616666666663
2021-08-24,1.1335,2.91,1.17172,1.17923,1.23987,1.3319666666666663
2021-08-25,1.1642,2.71,1.16478,1.1767850000000002,1.2327966666666663,1.326493333333333
2021-08-26,1.1253,-3.34,1.15606,1.17309,1.22312,1.320685
2021-08-27,1.1237,-0.14,1.14647,1.17306,1.2140566666666668,1.3145583333333335
2021-08-30,1.1291,0.48,1.13698,1.17018,1.2047766666666668,1.30804
2021-08-31,1.1112,-1.59,1.1313099999999998,1.16582,1.1947266666666667,1.3007116666666667
2021-09-01,1.1466,3.19,1.12789,1.16413,1.1858133333333332,1.29562
2021-09-02,1.1271,-1.7,1.1247200000000002,1.1621849999999998,1.1771333333333334,1.29023
2021-09-03,1.137,0.88,1.1299199999999998,1.1610999999999998,1.1700000000000002,1.2846833333333334
2021-09-06,1.1746,3.31,1.13723,1.16069,1.1673933333333333,1.28042
2021-09-07,1.1818,0.61,1.14206,1.15689,1.16684,1.27624
2021-09-08,1.1581,-2.01,1.14145,1.153115,1.1650066666666667,1.272045
2021-09-09,1.1571,-0.09,1.14463,1.1503450000000002,1.163603333333333,1.2672366666666666
2021-09-10,1.1782,1.82,1.15008,1.1482750000000002,1.1653999999999998,1.26307
2021-09-13,1.1634,-1.26,1.15351,1.145245,1.1646233333333331,1.2588483333333331
2021-09-14,1.158,-0.46,1.1581899999999998,1.14475,1.1632766666666667,1.25436
2021-09-15,1.1252,-2.83,1.15605,1.1419700000000002,1.161436666666667,1.2500816666666668
2021-09-16,1.1316,0.57,1.1565,1.14061,1.16029,1.245828333333333
2021-09-17,1.1762,3.94,1.16042,1.1451699999999998,1.1608733333333334,1.2418016666666667
2021-09-22,1.1398,-3.09,1.15694,1.147085,1.15944,1.2369266666666665
2021-09-23,1.1459,0.54,1.15335,1.147705,1.15571,1.2325616666666666
2021-09-24,1.174,2.45,1.15494,1.148195,1.1537233333333332,1.2284166666666667
2021-09-27,1.2487,6.36,1.1641,1.154365,1.15493,1.22533
2021-09-28,1.2288,-1.59,1.16916,1.15962,1.1552366666666667,1.222845
2021-09-29,1.2216,-0.59,1.17498,1.164245,1.1551566666666666,1.2201
2021-09-30,1.2308,0.75,1.18226,1.1702249999999998,1.1572533333333332,1.2176266666666666
2021-10-08,1.2648,2.76,1.1962199999999998,1.176135,1.1600533333333332,1.2153683333333334
2021-10-11,1.2586,-0.49,1.2089199999999998,1.18271,1.16338,1.2135216666666666
2021-10-12,1.2613,0.21,1.2174299999999998,1.188925,1.1692566666666666,1.2124266666666663
2021-10-13,1.31,3.86,1.23445,1.195695,1.1762066666666666,1.2119816666666663
2021-10-14,1.3053,-0.36,1.25039,1.20187,1.1819333333333333,1.2109016666666668
2021-10-15,1.295,-0.79,1.26249,1.208715,1.1862933333333332,1.209545
2021-10-18,1.2079,-6.73,1.25841,1.211255,1.1890466666666666,1.2060833333333332
2021-10-19,1.2343,2.19,1.25896,1.21406,1.1927333333333332,1.203395
2021-10-20,1.2406,0.51,1.26086,1.21792,1.1964499999999998,1.2006133333333333
2021-10-21,1.2447,0.33,1.26225,1.222255,1.2009,1.1978133333333332
2021-10-22,1.2583,1.09,1.2616,1.22891,1.2046233333333334,1.1952183333333333
2021-10-25,1.2494,-0.71,1.26068,1.2348,1.2087,1.1929166666666664
2021-10-26,1.255,0.45,1.26005,1.23874,1.2126333333333332,1.1913166666666666
2021-10-27,1.2239,-2.48,1.25144,1.242945,1.214276666666667,1.190835
2021-10-28,1.2326,0.71,1.24417,1.24728,1.2159699999999998,1.1914049999999998
2021-10-29,1.2458,1.07,1.2392499999999995,1.25087,1.2188933333333334,1.1919499999999998
2021-11-01,1.2353,-0.84,1.24199,1.2502,1.2214999999999998,1.1925516666666665
2021-11-02,1.2201,-1.23,1.24057,1.249765,1.2228966666666667,1.1941483333333334
2021-11-03,1.2088,-0.93,1.23739,1.2491249999999998,1.2244099999999998,1.1945166666666664
2021-11-04,1.2527,3.63,1.23819,1.25022,1.2275666666666667,1.1954216666666666
2021-11-05,1.255,0.18,1.23786,1.24973,1.231893333333333,1.196665
2021-11-08,1.2514,-0.29,1.2380600000000002,1.24937,1.2358866666666666,1.1980883333333334
2021-11-09,1.2388,-1.01,1.23644,1.2482449999999998,1.2379733333333331,1.199423333333333
2021-11-10,1.2149,-1.93,1.23554,1.24349,1.2404766666666664,1.1999583333333332
2021-11-11,1.216,0.09,1.23388,1.239025,1.242813333333333,1.199261666666667
2021-11-12,1.2027,-1.09,1.22957,1.23441,1.24377,1.1987466666666664
2021-11-15,1.2083,0.47,1.22687,1.23443,1.2424233333333334,1.1986766666666668
2021-11-16,1.2502,3.47,1.22988,1.235225,1.2431366666666668,1.1991866666666666
2021-11-17,1.242,-0.66,1.2332,1.235295,1.2438166666666666,1.1994866666666666
2021-11-18,1.2429,0.07,1.23222,1.235205,1.24422,1.2007366666666666
2021-11-19,1.2594,1.33,1.23266,1.2352599999999998,1.2440400000000005,1.2020466666666667
2021-11-22,1.2662,0.54,1.23414,1.2361,1.2442933333333337,1.2038366666666669
2021-11-23,1.2681,0.15,1.23707,1.236755,1.24452,1.2068883333333331
2021-11-24,1.2995,2.48,1.24553,1.240535,1.24417,1.2101883333333334
2021-11-25,1.2937,-0.45,1.2533,1.24359,1.2437833333333332,1.2128583333333334
2021-11-26,1.2882,-0.43,1.26185,1.24571,1.2435566666666666,1.214925
2021-11-29,1.295,0.53,1.27052,1.248695,1.24646,1.2177533333333332
2021-11-30,1.2692,-1.99,1.27242,1.25115,1.2476233333333335,1.2201783333333334
2021-12-01,1.2771,0.62,1.27593,1.254565,1.2488400000000002,1.222645
2021-12-02,1.2877,0.83,1.28041,1.256315,1.2502733333333331,1.2255866666666668
2021-12-03,1.3245,2.86,1.28692,1.25979,1.25248,1.2285516666666667
2021-12-06,1.3204,-0.31,1.29234,1.26324,1.2548466666666669,1.2317733333333334
2021-12-07,1.3224,0.15,1.29777,1.26742,1.2570933333333334,1.2348633333333334
2021-12-08,1.3702,3.61,1.30484,1.275185,1.26197,1.2381233333333337
2021-12-09,1.3942,1.75,1.31489,1.2840950000000002,1.267356666666667,1.2416633333333336
2021-12-10,1.3932,-0.07,1.32539,1.29362,1.2722699999999998,1.2455816666666666
2021-12-13,1.4021,0.64,1.3361,1.30331,1.2778300000000002,1.249665
2021-12-14,1.4121,0.71,1.35039,1.3114050000000002,1.28423,1.2535633333333331
2021-12-15,1.393,-1.35,1.3619800000000002,1.318955,1.29037,1.25739
2021-12-16,1.3736,-1.39,1.37057,1.3254899999999998,1.2944,1.2609833333333331
2021-12-17,1.3374,-2.64,1.37186,1.32939,1.297146666666667,1.26452
2021-12-20,1.3388,0.1,1.3737,1.33302,1.30006,1.2679733333333334
2021-12-21,1.3321,-0.5,1.37467,1.33622,1.3031700000000002,1.2705716666666664
2021-12-22,1.3372,0.38,1.37137,1.338105,1.307246666666667,1.273861666666667
2021-12-23,1.3653,2.1,1.36848,1.341685,1.3122233333333333,1.277518333333333
2021-12-24,1.3751,0.72,1.3666699999999998,1.34603,1.31797,1.28087
2021-12-27,1.3613,-1.0,1.3625899999999995,1.349345,1.32307,1.2827466666666667
2021-12-28,1.3768,1.14,1.35906,1.354725,1.32729,1.2852133333333335
2021-12-29,1.3125,-4.67,1.35101,1.356495,1.3296400000000002,1.2867283333333333
2021-12-30,1.3225,0.76,1.3459,1.358235,1.332293333333333,1.2882566666666666
2021-12-31,0.9571,-1.16,1.30787,1.339865,1.3222166666666666,1.2831283333333334
2022-01-04,0.9526,-0.47,1.26925,1.321475,1.3117633333333332,1.278028333333333
2022-01-05,0.9442,-0.88,1.23046,1.302565,1.3009666666666668,1.2727433333333336
2022-01-06,0.9314,-1.36,1.18988,1.280625,1.2886966666666666,1.2664333333333333
2022-01-07,0.9113,-2.16,1.1444800000000002,1.2564799999999998,1.27595,1.2598666666666667
2022-01-10,0.9065,-0.53,1.09762,1.2321449999999998,1.263226666666667,1.253391666666667
2022-01-11,0.8938,-1.4,1.05087,1.20673,1.2498533333333337,1.2481566666666668
2022-01-12,0.9007,0.77,1.00326,1.1811599999999998,1.23757,1.2425966666666668
2022-01-13,0.8709,-3.31,0.9591,1.1550550000000002,1.22403,1.236435
2022-01-14,0.8649,-0.69,0.91334,1.12962,1.2099366666666669,1.2301050000000002
2022-01-17,0.8684,0.4,0.90447,1.10617,1.1947333333333332,1.2236066666666665
2022-01-18,0.8828,1.66,0.89749,1.08337,1.1801466666666665,1.217496666666667
2022-01-19,0.8733,-1.08,0.8904,1.06043,1.1651766666666663,1.211135
2022-01-20,0.8887,1.76,0.88613,1.038005,1.1491266666666666,1.2055483333333332
2022-01-21,0.9008,1.36,0.88508,1.01478,1.13268,1.2000183333333334
2022-01-24,0.8942,-0.73,0.88385,0.990735,1.1160466666666666,1.1941583333333334
2022-01-25,0.8721,-2.47,0.88168,0.966275,1.09838,1.1881050000000002
2022-01-26,0.8803,0.94,0.87964,0.94145,1.0806533333333332,1.1824416666666666
2022-01-27,0.8686,-1.33,0.87941,0.919255,1.0631733333333335,1.1767716666666668
2022-01-28,0.8438,-2.86,0.8773,0.8953200000000001,1.0455133333333333,1.1699566666666668
2022-02-07,0.8424,-0.17,0.8747,0.8895850000000001,1.0290133333333331,1.16308
2022-02-08,0.8227,-2.34,0.86869,0.8830899999999999,1.01181,1.155935
2022-02-09,0.8574,4.22,0.8671,0.8787499999999999,0.9959866666666668,1.1495783333333334
2022-02-10,0.852,-0.63,0.8634299999999999,0.87478,0.9798133333333332,1.14353
2022-02-11,0.8531,0.13,0.8586600000000001,0.87187,0.96274,1.1374816666666665
2022-02-14,0.8659,1.5,0.8558299999999999,0.86984,0.9457666666666664,1.1318683333333337
2022-02-15,0.8804,1.67,0.85666,0.8691700000000001,0.9297366666666668,1.1264033333333332
2022-02-16,0.886,0.64,0.85723,0.8684350000000001,0.9133766666666666,1.1203333333333334
2022-02-17,0.8815,-0.51,0.8585200000000001,0.8689649999999999,0.89901,1.114325
2022-02-18,0.8879,0.73,0.8629300000000001,0.870115,0.8845233333333333,1.1084083333333334
2022-02-21,0.8864,-0.17,0.8673299999999999,0.8710149999999999,0.8821666666666667,1.1021916666666665
2022-02-22,0.8679,-2.09,0.8718499999999999,0.87027,0.8793433333333334,1.0955533333333334
2022-02-23,0.8753,0.85,0.87364,0.87037,0.8770466666666666,1.089006666666667
2022-02-24,0.844,-3.58,0.8728400000000001,0.868135,0.8741333333333333,1.081415
2022-02-25,0.8525,1.01,0.87278,0.8657199999999999,0.8721733333333334,1.0740616666666667
2022-02-28,0.855,0.29,0.8716899999999999,0.8637600000000001,0.8704566666666668,1.0668416666666665
2022-03-01,0.8786,2.76,0.87151,0.864085,0.86995,1.0599016666666663
2022-03-02,0.8685,-1.15,0.86976,0.863495,0.8688766666666667,1.0532233333333332
2022-03-03,0.8417,-3.09,0.86578,0.86215,0.8679033333333332,1.0459666666666667
2022-03-04,0.8312,-1.25,0.8601099999999999,0.86152,0.86678,1.0383583333333335
2022-03-07,0.7937,-4.51,0.85084,0.859085,0.86429,1.0295116666666666
2022-03-08,0.793,-0.09,0.84335,0.8576,0.8612966666666666,1.0207216666666667
2022-03-09,0.7926,-0.05,0.8350799999999999,0.85436,0.8586066666666666,1.0118916666666666
2022-03-10,0.8249,4.08,0.83317,0.8530049999999999,0.8564799999999999,1.0028033333333335
2022-03-11,0.8216,-0.4,0.83008,0.85143,0.8538399999999999,0.99326
2022-03-14,0.7788,-5.21,0.8224600000000001,0.847075,0.8499933333333334,0.98302
2022-03-15,0.7405,-4.92,0.8086500000000001,0.84008,0.8456066666666667,0.9719933333333334
2022-03-16,0.7627,3.0,0.7980700000000001,0.833915,0.8416866666666666,0.96117
2022-03-17,0.7853,2.96,0.79243,0.829105,0.8389099999999999,0.9510416666666668
2022-03-18,0.7823,-0.38,0.78754,0.823825,0.83686,0.9411866666666668
2022-03-21,0.7815,-0.1,0.78632,0.8185800000000001,0.83483,0.9319216666666666
2022-03-22,0.7722,-1.19,0.7842399999999999,0.813795,0.8331466666666667,0.9224783333333334
2022-03-23,0.7843,1.57,0.78341,0.809245,0.83071,0.9133483333333334
2022-03-24,0.7648,-2.49,0.7774,0.8052849999999999,0.8278033333333333,0.9038083333333332
2022-03-25,0.7428,-2.88,0.76952,0.7998,0.8241266666666667,0.8934333333333334
2022-03-28,0.7199,-3.08,0.76363,0.793045,0.8192600000000001,0.8825133333333334
2022-03-29,0.713,-0.96,0.76088,0.7847649999999999,0.81368,0.8717083333333334
2022-03-30,0.7418,4.04,0.75879,0.77843,0.8088733333333333,0.861125
2022-03-31,0.7372,-0.62,0.7539800000000001,0.773205,0.8040633333333334,0.8515366666666667
2022-04-01,0.7561,2.56,0.75136,0.76945,0.79967,0.8420966666666666
2022-04-06,0.7473,-1.16,0.74794,0.76713,0.7950333333333334,0.8386
2022-04-07,0.7469,-0.05,0.74541,0.764825,0.791,0.8351716666666665
2022-04-08,0.7432,-0.5,0.7413000000000001,0.762355,0.7865966666666666,0.8318216666666667
2022-04-11,0.7111,-4.32,0.73593,0.756665,0.7821666666666667,0.82815
2022-04-12,0.7542,6.06,0.7370699999999999,0.753295,0.77889,0.8255316666666667
2022-04-13,0.7538,-0.05,0.74046,0.7520450000000001,0.7755166666666666,0.8229866666666666
2022-04-14,0.7911,4.95,0.74827,0.754575,0.7726000000000001,0.821275
2022-04-15,0.7842,-0.87,0.75251,0.75565,0.76979,0.8193333333333334
2022-04-18,0.7817,-0.32,0.75696,0.75547,0.76779,0.8178466666666667
2022-04-19,0.774,-0.99,0.7587499999999999,0.755055,0.7658833333333334,0.8163316666666666
2022-04-20,0.7813,0.94,0.7621499999999999,0.7550450000000001,0.76547,0.81488
2022-04-21,0.7684,-1.65,0.7643,0.754855,0.7646499999999999,0.8129733333333333
2022-04-22,0.7715,0.4,0.76713,0.754215,0.7639466666666667,0.8112766666666666
2022-04-25,0.7298,-5.41,0.769,0.7524649999999999,0.7607766666666667,0.8086283333333333
2022-04-26,0.7422,1.7,0.7678,0.752435,0.75813,0.8059850000000001
2022-04-27,0.7596,2.34,0.7683800000000001,0.75442,0.75749,0.8037416666666667
2022-04-28,0.7772,2.32,0.7669900000000001,0.75763,0.7587133333333332,0.8021600000000001
2022-04-29,0.7821,0.63,0.76678,0.759645,0.7593599999999999,0.8005233333333334
2022-05-05,0.7839,0.23,0.767,0.76198,0.7593133333333334,0.7991116666666667
2022-05-06,0.7517,-4.11,0.7647700000000001,0.76176,0.7582933333333333,0.7975766666666666
2022-05-09,0.7377,-1.86,0.76041,0.76128,0.7568333333333334,0.7958316666666667
2022-05-10,0.7502,1.69,0.75859,0.761445,0.7561,0.7946233333333333
2022-05-11,0.762,1.57,0.7576400000000001,0.762385,0.7553566666666668,0.7930333333333334
2022-05-12,0.7697,1.01,0.76163,0.765315,0.7555200000000001,0.7916616666666667
2022-05-13,0.7672,-0.32,0.7641300000000001,0.765965,0.7563333333333334,0.7902299999999999
2022-05-16,0.7621,-0.66,0.76438,0.7663800000000001,0.7577400000000001,0.7885000000000001
2022-05-17,0.768,0.77,0.76346,0.7652249999999999,0.7595733333333334,0.7866266666666667
2022-05-18,0.7607,-0.95,0.7613200000000001,0.7640499999999999,0.7602033333333333,0.7845383333333333
2022-05-19,0.753,-1.01,0.75823,0.762615,0.7607300000000001,0.7823966666666667
2022-05-20,0.7843,4.16,0.76149,0.76313,0.7616700000000001,0.7806700000000001
2022-05-23,0.7736,-1.36,0.76508,0.762745,0.7625466666666667,0.77879
2022-05-24,0.757,-2.15,0.76576,0.7621749999999999,0.7628833333333332,0.7769416666666668
2022-05-25,0.755,-0.26,0.76506,0.76135,0.7632766666666666,0.7749366666666667
2022-05-26,0.7575,0.33,0.7638400000000001,0.7627349999999999,0.7648233333333333,0.773495
2022-05-27,0.7596,0.28,0.76308,0.763605,0.7650033333333334,0.7719466666666667
2022-05-30,0.7876,3.69,0.76563,0.765005,0.76613,0.7708233333333333
2022-05-31,0.8129,3.21,0.7701199999999999,0.76679,0.7668566666666667,0.7697283333333333
2022-06-01,0.8086,-0.53,0.77491,0.768115,0.7676700000000001,0.76873
2022-06-02,0.8021,-0.8,0.7798200000000001,0.769025,0.76835,0.76807
2022-06-06,0.8134,1.41,0.7827299999999999,0.7721100000000001,0.7696633333333334,0.7677733333333332
2022-06-07,0.8268,1.65,0.78805,0.776565,0.77118,0.7683250000000001
2022-06-08,0.8412,1.74,0.79647,0.781115,0.7736066666666667,0.7691283333333333
2022-06-09,0.8264,-1.76,0.8036099999999999,0.784335,0.7754366666666667,0.7696916666666667
2022-06-10,0.8374,1.33,0.8116,0.78772,0.7790233333333333,0.7698999999999999
2022-06-13,0.8206,-2.01,0.8177,0.79039,0.7816366666666668,0.7698833333333333
2022-06-14,0.8298,1.12,0.8219200000000001,0.7937749999999999,0.7839766666666667,0.7707333333333334
2022-06-15,0.8406,1.3,0.82469,0.797405,0.7860900000000001,0.7724016666666667
2022-06-16,0.8378,-0.33,0.82761,0.8012600000000001,0.7879466666666667,0.7736533333333333
2022-06-17,0.8579,2.4,0.8331899999999999,0.8065049999999999,0.7904133333333333,0.7748633333333333
2022-06-20,0.8746,1.95,0.83931,0.8110200000000001,0.79451,0.7764016666666667
2022-06-21,0.8708,-0.43,0.84371,0.8158799999999999,0.7989466666666666,0.7778899999999999
2022-06-22,0.8587,-1.39,0.8454599999999999,0.820965,0.8025633333333333,0.7793316666666666
2022-06-23,0.8662,0.87,0.8494400000000001,0.826525,0.8060366666666666,0.7806966666666667
2022-06-24,0.8805,1.65,0.85375,0.832675,0.80973,0.782625
2022-06-27,0.9016,2.4,0.8618500000000001,0.839775,0.8142099999999999,0.7852716666666667
2022-06-28,0.9066,0.55,0.8695299999999999,0.8457250000000001,0.8190266666666666,0.7883833333333333
2022-06-29,0.8976,-0.99,0.87523,0.84996,0.8233466666666666,0.79146
2022-06-30,0.9328,3.92,0.8847299999999999,0.8561699999999999,0.8290833333333333,0.7946433333333333
2022-07-01,0.9254,-0.79,0.8914799999999999,0.8623349999999999,0.83483,0.7977799999999999
2022-07-04,0.9209,-0.49,0.89611,0.8677100000000001,0.8393833333333334,0.8005266666666667
2022-07-05,0.9139,-0.76,0.9004199999999999,0.8720649999999999,0.84406,0.8033033333333334
2022-07-06,0.889,-2.72,0.90345,0.8744549999999999,0.84846,0.8056716666666667
2022-07-07,0.8861,-0.33,0.90544,0.87744,0.8528300000000001,0.8080533333333334
2022-07-08,0.892,0.67,0.90659,0.88017,0.8573133333333334,0.8110683333333333
2022-07-11,0.8721,-2.23,0.90364,0.8827450000000001,0.8610633333333333,0.8130333333333334
2022-07-12,0.8645,-0.87,0.8994300000000001,0.8844799999999999,0.8636266666666667,0.8148783333333334
2022-07-13,0.8693,0.56,0.8966000000000001,0.885915,0.8655066666666666,0.8161816666666667
2022-07-14,0.863,-0.72,0.8896200000000001,0.8871749999999998,0.86732,0.8174949999999999
2022-07-15,0.8651,0.24,0.8835900000000001,0.8875350000000001,0.86942,0.818885
2022-07-18,0.8599,-0.6,0.8774900000000001,0.8868,0.8709699999999999,0.8203166666666667
2022-07-19,0.8619,0.23,0.8722899999999999,0.886355,0.87214,0.82166
2022-07-20,0.8672,0.61,0.87011,0.8867799999999999,0.8730066666666667,0.8233066666666667
2022-07-21,0.8575,-1.12,0.86725,0.886345,0.8740433333333333,0.82474
2022-07-22,0.854,-0.41,0.8634499999999999,0.8850199999999999,0.8745966666666668,0.82681
2022-07-25,0.8625,1.0,0.86249,0.883065,0.8759933333333333,0.828815
2022-07-26,0.8713,1.02,0.86317,0.8812999999999999,0.8773766666666667,0.8306766666666666
2022-07-27,0.8564,-1.71,0.86188,0.8792399999999999,0.8779033333333334,0.8319966666666666
2022-07-28,0.8521,-0.5,0.86079,0.875205,0.87838,0.8331633333333333
2022-07-29,0.8264,-3.02,0.85692,0.8702549999999999,0.87733,0.8338716666666667
2022-08-01,0.8393,1.56,0.8548600000000001,0.8661749999999999,0.8761533333333332,0.8353316666666667
2022-08-02,0.8259,-1.6,0.8512599999999999,0.8617750000000001,0.8746566666666666,0.8368016666666667
2022-08-03,0.8233,-0.31,0.84687,0.8584900000000001,0.8734766666666667,0.83802
2022-08-04,0.8394,1.96,0.8450599999999999,0.8561549999999999,0.8725833333333334,0.8393099999999999
2022-08-05,0.8431,0.44,0.84397,0.8537099999999999,0.8713366666666666,0.8405333333333332
2022-08-08,0.8378,-0.63,0.8415000000000001,0.851995,0.8692100000000001,0.8417100000000001
2022-08-09,0.8377,-0.01,0.8381400000000001,0.850655,0.8669133333333333,0.84297
2022-08-10,0.8258,-1.42,0.8350799999999999,0.84848,0.8645200000000001,0.8439333333333333
2022-08-11,0.8395,1.66,0.83382,0.8473050000000001,0.86141,0.8452466666666666
2022-08-12,0.8486,1.08,0.83604,0.84648,0.85885,0.84684
2022-08-15,0.8403,-0.98,0.83614,0.8455,0.8561633333333333,0.8477733333333333
2022-08-16,0.8348,-0.65,0.83703,0.8441450000000001,0.8535266666666667,0.8487933333333334
2022-08-17,0.8414,0.79,0.83884,0.8428550000000001,0.85194,0.8502
2022-08-18,0.8272,-1.69,0.8376199999999999,0.84134,0.8499766666666667,0.8514033333333334
2022-08-19,0.8246,-0.31,0.8357699999999999,0.83987,0.8477300000000001,0.8525216666666666
2022-08-22,0.8272,0.32,0.8347100000000001,0.838105,0.8462333333333334,0.8536483333333335
2022-08-23,0.8142,-1.57,0.8323600000000001,0.8352499999999999,0.8445566666666667,0.8540916666666667
2022-08-24,0.8082,-0.74,0.8306000000000001,0.83284,0.84252,0.8540133333333333
2022-08-25,0.826,2.2,0.82925,0.831535,0.8412866666666666,0.8543033333333334
2022-08-26,0.8378,1.43,0.8281700000000001,0.832105,0.8403766666666667,0.8548983333333333
2022-08-29,0.8272,-1.27,0.8268599999999999,0.8314999999999999,0.8392866666666667,0.8551283333333334
2022-08-30,0.8234,-0.46,0.8257200000000001,0.8313750000000001,0.8380033333333333,0.8550716666666667
2022-08-31,0.8402,2.04,0.8256,0.8322200000000001,0.8371033333333333,0.855055
2022-09-01,0.8256,-1.74,0.8254400000000001,0.8315300000000001,0.8360400000000001,0.8550416666666666
2022-09-02,0.8122,-1.62,0.8241999999999999,0.829985,0.8346466666666666,0.8546216666666667
2022-09-05,0.7949,-2.13,0.82097,0.8278399999999999,0.8323933333333334,0.8541933333333334
2022-09-06,0.7998,0.62,0.81953,0.8259450000000002,0.83001,0.8536933333333333
2022-09-07,0.7894,-1.3,0.8176500000000001,0.8241249999999999,0.8277766666666666,0.85284
2022-09-08,0.7915,0.27,0.8141999999999999,0.821725,0.8257566666666667,0.8520683333333333
2022-09-09,0.8007,1.16,0.81049,0.8193300000000001,0.8249,0.851115
2022-09-13,0.8127,1.5,0.8090399999999999,0.8179500000000001,0.8240133333333334,0.8500833333333333
2022-09-14,0.8045,-1.01,0.80715,0.816435,0.8233,0.8489783333333334
2022-09-15,0.8097,0.65,0.8041,0.8148500000000001,0.8228466666666667,0.8481616666666666
2022-09-16,0.7906,-2.36,0.8006,0.8130200000000001,0.8212200000000001,0.8469016666666666
2022-09-19,0.8002,1.21,0.7994,0.8118000000000001,0.8197899999999999,0.8455633333333333
2022-09-20,0.813,1.6,0.80121,0.8110899999999999,0.8189633333333333,0.8440866666666665
2022-09-21,0.8038,-1.13,0.8016099999999999,0.81057,0.8178333333333333,0.8423733333333333
2022-09-22,0.7918,-1.49,0.80185,0.80975,0.8166999999999999,0.84061
2022-09-23,0.7961,0.54,0.80231,0.808255,0.8152533333333333,0.8383316666666667
2022-09-26,0.8086,1.57,0.8030999999999999,0.8067949999999999,0.81392,0.836385
2022-09-27,0.8368,3.49,0.80551,0.8072750000000001,0.8138033333333333,0.8349833333333333
2022-09-28,0.8308,-0.72,0.8081400000000001,0.807645,0.81367,0.8335983333333333
2022-09-29,0.8279,-0.35,0.8099599999999999,0.8070299999999999,0.8132199999999999,0.8325800000000001
2022-09-30,0.8246,-0.4,0.81336,0.80698,0.8131333333333333,0.8315549999999999
2022-10-10,0.7804,-5.36,0.81138,0.80539,0.8116599999999999,0.829695
2022-10-11,0.7818,0.18,0.80826,0.804735,0.8101466666666667,0.8281899999999999
2022-10-12,0.7767,-0.65,0.80555,0.80358,0.8088966666666667,0.8267266666666667
2022-10-13,0.7647,-1.54,0.80284,0.8023450000000001,0.8074466666666666,0.8249833333333334
2022-10-14,0.7825,2.33,0.80148,0.801895,0.8059966666666667,0.8236416666666667
2022-10-17,0.7709,-1.48,0.79771,0.8004049999999999,0.8037666666666666,0.8220716666666666
2022-10-18,0.7658,-0.66,0.79061,0.79806,0.80172,0.8205033333333334
2022-10-19,0.7417,-3.15,0.7817000000000001,0.7949200000000001,0.7989966666666667,0.8185000000000001
2022-10-20,0.7487,0.94,0.77378,0.79187,0.7959466666666667,0.8165250000000001
2022-10-21,0.7378,-1.46,0.7651,0.78923,0.79302,0.81453
2022-10-24,0.6943,-5.9,0.7564900000000001,0.7839349999999999,0.7890900000000001,0.8118683333333333
2022-10-25,0.6932,-0.16,0.74763,0.777945,0.7857,0.8090466666666667
2022-10-26,0.694,0.12,0.73936,0.772455,0.7821733333333333,0.8060916666666668
2022-10-27,0.663,-4.47,0.72919,0.766015,0.7779600000000001,0.8028683333333333
2022-10-28,0.6581,-0.74,0.71675,0.7591150000000001,0.7735133333333333,0.7996350000000001
2022-10-31,0.6499,-1.25,0.70465,0.75118,0.7684866666666667,0.7966933333333334
2022-11-01,0.6943,6.83,0.6975,0.744055,0.76454,0.7942766666666667
2022-11-02,0.7102,2.29,0.69435,0.738025,0.7613966666666666,0.7923483333333333
2022-11-03,0.701,-1.3,0.6895800000000001,0.7316800000000001,0.7577733333333333,0.79031
2022-11-04,0.7374,5.19,0.68954,0.72732,0.756,0.78861
2022-11-07,0.7394,0.27,0.6940500000000001,0.72527,0.7539733333333334,0.7868816666666667
2022-11-08,0.7281,-1.53,0.6975399999999999,0.722585,0.7511433333333333,0.7850533333333334
2022-11-09,0.7173,-1.48,0.69987,0.719615,0.74826,0.7830466666666667
2022-11-10,0.7258,1.18,0.7061499999999999,0.71767,0.7460600000000001,0.7813800000000001
2022-11-11,0.7464,2.84,0.7149800000000001,0.715865,0.7444033333333333,0.7798283333333333
2022-11-14,0.7395,-0.92,0.72394,0.7142950000000001,0.7421000000000001,0.77801
2022-11-15,0.7579,2.49,0.7303,0.7139,0.7394700000000001,0.7766366666666666
2022-11-16,0.7605,0.34,0.73533,0.71484,0.7371266666666667,0.7753983333333333
2022-11-17,0.7519,-1.13,0.74042,0.7150000000000001,0.7345933333333333,0.7739066666666666
2022-11-18,0.7546,0.36,0.7421399999999999,0.71584,0.73226,0.7726966666666667
2022-11-21,0.7337,-2.77,0.7415700000000001,0.7178100000000001,0.7307033333333333,0.7711816666666668
2022-11-22,0.737,0.45,0.74246,0.72,0.72921,0.7696783333333332
2022-11-23,0.7328,-0.57,0.7440100000000001,0.72194,0.7277466666666668,0.7683216666666667
2022-11-24,0.7241,-1.19,0.74384,0.7249950000000001,0.7263933333333334,0.76692
2022-11-25,0.7233,-0.11,0.74153,0.728255,0.7244200000000001,0.7652083333333334
2022-11-28,0.7242,0.12,0.74,0.73197,0.7228633333333333,0.763315
2022-11-29,0.7568,4.5,0.7398899999999999,0.735095,0.7225633333333333,0.7621416666666666
2022-11-30,0.7542,-0.34,0.73926,0.737295,0.72298,0.7609883333333334
2022-12-01,0.7798,3.39,0.7420500000000001,0.741235,0.7240166666666668,0.7599816666666666
2022-12-02,0.7798,0.0,0.7445700000000001,0.743355,0.7254166666666667,0.7592183333333333
2022-12-05,0.7939,1.81,0.75059,0.7460800000000001,0.7287366666666666,0.7589133333333333
2022-12-06,0.8178,3.01,0.7586700000000001,0.750565,0.73289,0.7592949999999999
2022-12-07,0.8176,-0.02,0.76715,0.7555799999999999,0.7370099999999999,0.7595916666666668
2022-12-08,0.8213,0.45,0.7768700000000001,0.760355,0.7422866666666667,0.7601233333333333
2022-12-09,0.8479,3.24,0.78933,0.76543,0.7486133333333334,0.7610633333333333
2022-12-12,0.835,-1.52,0.80041,0.770205,0.7547833333333334,0.7616350000000001
2022-12-13,0.8459,1.31,0.8093199999999999,0.774605,0.7598366666666667,0.7621883333333334
2022-12-14,0.8688,2.71,0.8207800000000001,0.7800199999999999,0.7651233333333334,0.76326
2022-12-15,0.8597,-1.05,0.8287699999999999,0.7854099999999999,0.7704133333333334,0.7640933333333333
2022-12-16,0.8648,0.59,0.83727,0.7909200000000001,0.77466,0.7653300000000001
2022-12-19,0.8532,-1.34,0.8432000000000001,0.7968949999999999,0.7784533333333333,0.7662133333333333
2022-12-20,0.8208,-3.8,0.8435,0.8010849999999999,0.7815433333333334,0.7663433333333334
2022-12-21,0.8316,1.32,0.8449,0.806025,0.7853533333333333,0.7668066666666667
2022-12-22,0.8502,2.24,0.84779,0.81233,0.7895,0.76778
2022-12-23,0.8571,0.81,0.84871,0.8190200000000001,0.79319,0.7687966666666667
2022-12-26,0.8464,-1.25,0.84985,0.82513,0.7967533333333333,0.7694266666666666
2022-12-27,0.859,1.49,0.8511599999999999,0.8302400000000001,0.8001233333333333,0.7697966666666667
2022-12-28,0.8556,-0.4,0.84984,0.83531,0.8032933333333333,0.77021
2022-12-29,0.8461,-1.11,0.84848,0.8386250000000001,0.8064333333333333,0.7705133333333333
2022-12-30,0.852,0.7,0.8472,0.842235,0.8096800000000001,0.77097
2023-01-03,0.8369,-1.77,0.84557,0.8443849999999999,0.8131200000000001,0.7719116666666667
2023-01-04,0.8391,0.26,0.8474,0.8454500000000001,0.8165233333333333,0.7728666666666668
2023-01-05,0.8793,4.79,0.8521699999999999,0.8485349999999998,0.8214066666666666,0.7745766666666666
2023-01-06,0.8783,-0.11,0.8549800000000001,0.8513850000000002,0.8265466666666667,0.77647
2023-01-09,0.9016,2.65,0.8594299999999999,0.8540699999999999,0.83249,0.778455
2023-01-10,0.9062,0.51,0.86541,0.85763,0.8385566666666667,0.7807099999999999
2023-01-11,0.9004,-0.64,0.86955,0.860355,0.8433433333333333,0.7829533333333333
2023-01-12,0.8938,-0.73,0.8733699999999999,0.861605,0.8479966666666667,0.7854883333333332
2023-01-13,0.9199,2.92,0.8807499999999999,0.864615,0.8526666666666666,0.7883416666666666
2023-01-16,0.9382,1.99,0.8893700000000001,0.868285,0.8579466666666666,0.7916816666666666
2023-01-17,0.9245,-1.46,0.8981300000000001,0.87185,0.8623,0.7955183333333333
2023-01-18,0.9168,-0.83,0.9059,0.8766499999999999,0.8656,0.7992450000000001
2023-01-19,0.9132,-0.39,0.90929,0.88073,0.8687866666666667,0.8028983333333333
2023-01-20,0.91,-0.35,0.91246,0.88372,0.8717433333333333,0.807015
2023-01-30,0.9254,1.69,0.91484,0.887135,0.8743266666666667,0.8114699999999999
2023-01-31,0.8981,-2.95,0.91403,0.88972,0.8764299999999999,0.8156066666666667
2023-02-01,0.9042,0.68,0.91441,0.89198,0.8783733333333333,0.819105
2023-02-02,0.9141,1.09,0.91644,0.894905,0.8798833333333334,0.8225033333333333
2023-02-03,0.9064,-0.84,0.91509,0.89792,0.8814399999999999,0.8259266666666668
2023-02-06,0.8908,-1.72,0.91035,0.89986,0.8823066666666667,0.8284833333333333
2023-02-07,0.8891,-0.19,0.90681,0.90247,0.8835033333333333,0.8309783333333333
2023-02-08,0.8828,-0.71,0.90341,0.904655,0.88557,0.8335566666666667
2023-02-09,0.9112,3.22,0.90321,0.90625,0.8882233333333333,0.8367883333333332
2023-02-10,0.916,0.53,0.90381,0.908135,0.8904166666666667,0.8399583333333334
2023-02-13,0.9496,3.67,0.90623,0.910535,0.8935,0.8433449999999999
2023-02-14,0.9445,-0.54,0.91087,0.91245,0.89677,0.8467616666666667
2023-02-15,0.9448,0.03,0.91493,0.91467,0.89963,0.8498766666666667
2023-02-16,0.9512,0.68,0.91864,0.91754,0.9028166666666666,0.853055
2023-02-17,0.9405,-1.12,0.92205,0.91857,0.9059633333333332,0.8561983333333334
2023-02-20,0.9589,1.96,0.92886,0.919605,0.9095266666666666,0.8596033333333334
2023-02-21,0.9465,-1.29,0.9346,0.920705,0.91318,0.86315
2023-02-22,0.9444,-0.22,0.94076,0.922085,0.91669,0.8666066666666666
2023-02-23,0.9349,-1.01,0.94313,0.92317,0.9185433333333334,0.8699749999999999
2023-02-24,0.9205,-1.54,0.94358,0.923695,0.91995,0.8732483333333333
2023-02-27,0.9312,1.16,0.94174,0.923985,0.9209366666666668,0.8767133333333332
2023-02-28,0.9314,0.02,0.94043,0.92565,0.9217766666666668,0.8801666666666667
2023-03-01,0.94,0.92,0.93995,0.92744,0.9230966666666666,0.88322
2023-03-02,0.9383,-0.18,0.93866,0.92865,0.92458,0.8862883333333332
2023-03-03,0.932,-0.67,0.93781,0.92993,0.9249833333333334,0.8888250000000001
2023-03-06,0.9308,-0.13,0.935,0.93193,0.9247366666666668,0.8913416666666667
2023-03-07,0.9146,-1.74,0.93181,0.9332049999999998,0.9244066666666668,0.8933533333333333
2023-03-08,0.9077,-0.75,0.92814,0.93445,0.9241033333333332,0.8948516666666667
2023-03-09,0.9011,-0.73,0.9247599999999998,0.933945,0.9237,0.8962433333333333
2023-03-10,0.8879,-1.46,0.9215,0.93254,0.9229633333333334,0.8973533333333333
2023-03-13,0.9054,1.97,0.91892,0.93033,0.9222966666666668,0.8983116666666666
2023-03-14,0.8956,-1.08,0.91534,0.927885,0.9222133333333332,0.8993216666666667
2023-03-15,0.8834,-1.36,0.90968,0.924815,0.92152,0.8999466666666667
2023-03-16,0.8831,-0.03,0.90416,0.9214099999999998,0.9204866666666668,0.900185
2023-03-17,0.8686,-1.64,0.8978200000000001,0.9178149999999998,0.9192266666666667,0.9003333333333334
2023-03-20,0.8587,-1.14,0.89061,0.912805,0.9181566666666666,0.9002316666666667
2023-03-21,0.8843,2.98,0.88758,0.909695,0.9179966666666668,0.90075
2023-03-22,0.8817,-0.29,0.88498,0.90656,0.91796,0.901765
2023-03-23,0.8927,1.25,0.88414,0.90445,0.9173433333333332,0.9027833333333334
2023-03-24,0.8936,0.1,0.8847099999999999,0.903105,0.9165966666666666,0.9035066666666668
2023-03-27,0.8848,-0.98,0.8826499999999999,0.900785,0.9144366666666668,0.9039683333333334
2023-03-28,0.9027,2.02,0.8833599999999999,0.8993499999999999,0.9130433333333332,0.9049066666666666
2023-03-29,0.9116,0.99,0.8861799999999999,0.8979299999999999,0.9119366666666668,0.9057833333333332
2023-03-30,0.9222,1.16,0.89009,0.897125,0.91097,0.9068933333333332
2023-03-31,0.9199,-0.25,0.8952199999999999,0.89652,0.9102833333333332,0.9081233333333334
2023-04-03,0.9155,-0.48,0.9009,0.895755,0.9088366666666666,0.9091816666666668
2023-04-04,0.9248,1.02,0.90495,0.896265,0.9081133333333332,0.9106466666666666
2023-04-06,0.9052,-2.12,0.9073,0.8961399999999999,0.9068066666666664,0.9117483333333332
2023-04-07,0.8983,-0.76,0.90786,0.8959999999999999,0.9055866666666668,0.912065
2023-04-10,0.8865,-1.31,0.90715,0.8959300000000001,0.9044533333333332,0.9122016666666668
2023-04-11,0.8677,-2.12,0.90544,0.894045,0.9023366666666666,0.9116366666666668
2023-04-12,0.8459,-2.51,0.89976,0.8915599999999999,0.8994866666666665,0.9106316666666668
2023-04-13,0.8546,1.03,0.89406,0.8901199999999999,0.89664,0.9098683333333334
2023-04-14,0.8428,-1.38,0.88612,0.888105,0.8934566666666667,0.9090183333333334
2023-04-17,0.856,1.57,0.87973,0.887475,0.8909233333333333,0.9079533333333332
2023-04-18,0.8574,0.16,0.87392,0.8874099999999998,0.8884766666666667,0.9066066666666668
2023-04-19,0.8517,-0.66,0.86661,0.8857799999999999,0.8863800000000001,0.9053933333333332
2023-04-20,0.8399,-1.39,0.86008,0.88369,0.88412,0.9041116666666666
2023-04-21,0.8334,-0.77,0.85359,0.880725,0.8818633333333333,0.9027816666666668
2023-04-24,0.8185,-1.79,0.84679,0.87697,0.8795499999999999,0.9012566666666668
2023-04-25,0.8313,1.56,0.84315,0.874295,0.87708,0.8996883333333334
2023-04-26,0.8325,0.14,0.84181,0.870785,0.8749766666666667,0.898595
2023-04-27,0.8335,0.12,0.8397,0.8668800000000001,0.8733133333333333,0.8974166666666666
2023-04-28,0.8391,0.67,0.83933,0.862725,0.8718466666666667,0.8961666666666667
2023-05-04,0.8295,-1.14,0.83668,0.8582050000000001,0.8705433333333333,0.894885
2023-05-05,0.8383,1.06,0.83477,0.854345,0.8698633333333333,0.89401
2023-05-08,0.8254,-1.54,0.8321400000000001,0.849375,0.8679,0.8929483333333333
2023-05-09,0.8272,0.22,0.83087,0.8454750000000001,0.8660833333333333,0.8920216666666666
2023-05-10,0.8196,-0.92,0.8294900000000001,0.84154,0.8636466666666667,0.890495
2023-05-11,0.8156,-0.49,0.8291999999999999,0.8379949999999999,0.8610466666666667,0.8888216666666666
2023-05-12,0.8046,-1.35,0.82653,0.83484,0.8583733333333333,0.886405
